id,Acer_Capillipes,Acer_Circinatum,Acer_Mono,Acer_Opalus,Acer_Palmatum,Acer_Pictum,Acer_Platanoids,Acer_Rubrum,Acer_Rufinerve,Acer_Saccharinum
4,0.333333343267,3.33333325719e-16,3.33333325719e-16,0.333333343267,3.33333325719e-16,3.33333325719e-16,0.333333343267,3.33333325719e-16,3.33333325719e-16,3.33333325719e-16
7,0.333333343267,3.33333325719e-16,3.33333325719e-16,0.333333343267,3.33333325719e-16,3.33333325719e-16,0.333333343267,3.33333325719e-16,3.33333325719e-16,3.33333325719e-16
9,1.00000000363e-15,1.00000000363e-15,1.00000000363e-15,1.0,1.00000000363e-15,1.00000000363e-15,1.00000000363e-15,1.00000000363e-15,1.00000000363e-15,1.00000000363e-15
12,2.50000000907e-16,2.50000000907e-16,2.50000000907e-16,0.25,2.50000000907e-16,0.25,0.25,2.50000000907e-16,0.25,2.50000000907e-16
13,0.5,5.00000001814e-16,5.00000001814e-16,0.5,5.00000001814e-16,5.00000001814e-16,5.00000001814e-16,5.00000001814e-16,5.00000001814e-16,5.00000001814e-16
16,1.00000000363e-15,1.00000000363e-15,1.00000000363e-15,1.0,1.00000000363e-15,1.00000000363e-15,1.00000000363e-15,1.00000000363e-15,1.00000000363e-15,1.00000000363e-15
19,0.25,2.50000000907e-16,2.50000000907e-16,0.25,2.50000000907e-16,0.25,0.25,2.50000000907e-16,2.50000000907e-16,2.50000000907e-16
23,0.25,2.50000000907e-16,2.50000000907e-16,0.25,2.50000000907e-16,2.50000000907e-16,2.50000000907e-16,0.25,2.50000000907e-16,0.25
24,5.00000001814e-16,5.00000001814e-16,5.00000001814e-16,0.5,5.00000001814e-16,5.00000001814e-16,0.5,5.00000001814e-16,5.00000001814e-16,5.00000001814e-16
28,0.5,5.00000001814e-16,5.00000001814e-16,0.5,5.00000001814e-16,5.00000001814e-16,5.00000001814e-16,5.00000001814e-16,5.00000001814e-16,5.00000001814e-16
33,0.333333343267,3.33333325719e-16,3.33333325719e-16,0.333333343267,3.33333325719e-16,3.33333325719e-16,0.333333343267,3.33333325719e-16,3.33333325719e-16,3.33333325719e-16
36,0.25,2.50000000907e-16,2.50000000907e-16,0.25,2.50000000907e-16,0.25,0.25,2.50000000907e-16,2.50000000907e-16,2.50000000907e-16
39,5.00000001814e-16,5.00000001814e-16,5.00000001814e-16,0.5,5.00000001814e-16,0.5,5.00000001814e-16,5.00000001814e-16,5.00000001814e-16,5.00000001814e-16
41,1.00000000363e-15,1.00000000363e-15,1.00000000363e-15,1.0,1.00000000363e-15,1.00000000363e-15,1.00000000363e-15,1.00000000363e-15,1.00000000363e-15,1.00000000363e-15
44,0.25,2.50000000907e-16,2.50000000907e-16,0.25,2.50000000907e-16,0.25,0.25,2.50000000907e-16,2.50000000907e-16,2.50000000907e-16
46,5.00000001814e-16,5.00000001814e-16,5.00000001814e-16,0.5,5.00000001814e-16,5.00000001814e-16,5.00000001814e-16,5.00000001814e-16,0.5,5.00000001814e-16
47,0.5,5.00000001814e-16,5.00000001814e-16,0.5,5.00000001814e-16,5.00000001814e-16,5.00000001814e-16,5.00000001814e-16,5.00000001814e-16,5.00000001814e-16
51,3.33333325719e-16,3.33333325719e-16,3.33333325719e-16,0.333333343267,3.33333325719e-16,3.33333325719e-16,0.333333343267,3.33333325719e-16,3.33333325719e-16,0.333333343267
52,0.333333343267,3.33333325719e-16,3.33333325719e-16,0.333333343267,3.33333325719e-16,3.33333325719e-16,0.333333343267,3.33333325719e-16,3.33333325719e-16,3.33333325719e-16
53,2.50000000907e-16,2.50000000907e-16,2.50000000907e-16,0.25,2.50000000907e-16,2.50000000907e-16,2.50000000907e-16,0.25,0.25,0.25
57,0.5,5.00000001814e-16,5.00000001814e-16,0.5,5.00000001814e-16,5.00000001814e-16,5.00000001814e-16,5.00000001814e-16,5.00000001814e-16,5.00000001814e-16
59,0.333333343267,3.33333325719e-16,3.33333325719e-16,0.333333343267,3.33333325719e-16,0.333333343267,3.33333325719e-16,3.33333325719e-16,3.33333325719e-16,3.33333325719e-16
62,0.5,5.00000001814e-16,5.00000001814e-16,0.5,5.00000001814e-16,5.00000001814e-16,5.00000001814e-16,5.00000001814e-16,5.00000001814e-16,5.00000001814e-16
65,1.00000000363e-15,1.00000000363e-15,1.00000000363e-15,1.0,1.00000000363e-15,1.00000000363e-15,1.00000000363e-15,1.00000000363e-15,1.00000000363e-15,1.00000000363e-15
68,1.00000000363e-15,1.00000000363e-15,1.00000000363e-15,1.0,1.00000000363e-15,1.00000000363e-15,1.00000000363e-15,1.00000000363e-15,1.00000000363e-15,1.00000000363e-15
70,0.5,5.00000001814e-16,5.00000001814e-16,0.5,5.00000001814e-16,5.00000001814e-16,5.00000001814e-16,5.00000001814e-16,5.00000001814e-16,5.00000001814e-16
74,0.333333343267,3.33333325719e-16,3.33333325719e-16,0.333333343267,3.33333325719e-16,3.33333325719e-16,0.333333343267,3.33333325719e-16,3.33333325719e-16,3.33333325719e-16
77,0.333333343267,3.33333325719e-16,3.33333325719e-16,0.333333343267,3.33333325719e-16,3.33333325719e-16,3.33333325719e-16,3.33333325719e-16,0.333333343267,3.33333325719e-16
79,5.00000001814e-16,5.00000001814e-16,5.00000001814e-16,0.5,5.00000001814e-16,5.00000001814e-16,5.00000001814e-16,0.5,5.00000001814e-16,5.00000001814e-16
86,1.00000000363e-15,1.00000000363e-15,1.00000000363e-15,1.0,1.00000000363e-15,1.00000000363e-15,1.00000000363e-15,1.00000000363e-15,1.00000000363e-15,1.00000000363e-15
89,0.25,2.50000000907e-16,2.50000000907e-16,0.25,2.50000000907e-16,0.25,0.25,2.50000000907e-16,2.50000000907e-16,2.50000000907e-16
90,3.33333325719e-16,3.33333325719e-16,3.33333325719e-16,0.333333343267,3.33333325719e-16,0.333333343267,0.333333343267,3.33333325719e-16,3.33333325719e-16,3.33333325719e-16
91,1.00000000363e-15,1.00000000363e-15,1.00000000363e-15,1.0,1.00000000363e-15,1.00000000363e-15,1.00000000363e-15,1.00000000363e-15,1.00000000363e-15,1.00000000363e-15
93,0.333333343267,3.33333325719e-16,3.33333325719e-16,0.333333343267,3.33333325719e-16,3.33333325719e-16,0.333333343267,3.33333325719e-16,3.33333325719e-16,3.33333325719e-16
94,0.333333343267,3.33333325719e-16,3.33333325719e-16,0.333333343267,3.33333325719e-16,3.33333325719e-16,3.33333325719e-16,0.333333343267,3.33333325719e-16,3.33333325719e-16
95,1.00000000363e-15,1.00000000363e-15,1.00000000363e-15,1.0,1.00000000363e-15,1.00000000363e-15,1.00000000363e-15,1.00000000363e-15,1.00000000363e-15,1.00000000363e-15
96,5.00000001814e-16,5.00000001814e-16,5.00000001814e-16,0.5,5.00000001814e-16,5.00000001814e-16,5.00000001814e-16,5.00000001814e-16,0.5,5.00000001814e-16
97,0.5,5.00000001814e-16,5.00000001814e-16,0.5,5.00000001814e-16,5.00000001814e-16,5.00000001814e-16,5.00000001814e-16,5.00000001814e-16,5.00000001814e-16
98,1.00000000363e-15,1.00000000363e-15,1.00000000363e-15,1.0,1.00000000363e-15,1.00000000363e-15,1.00000000363e-15,1.00000000363e-15,1.00000000363e-15,1.00000000363e-15
99,5.00000001814e-16,5.00000001814e-16,5.00000001814e-16,0.5,5.00000001814e-16,5.00000001814e-16,0.5,5.00000001814e-16,5.00000001814e-16,5.00000001814e-16
102,0.5,5.00000001814e-16,5.00000001814e-16,0.5,5.00000001814e-16,5.00000001814e-16,5.00000001814e-16,5.00000001814e-16,5.00000001814e-16,5.00000001814e-16
104,3.33333325719e-16,3.33333325719e-16,3.33333325719e-16,0.333333343267,3.33333325719e-16,0.333333343267,0.333333343267,3.33333325719e-16,3.33333325719e-16,3.33333325719e-16
105,0.5,5.00000001814e-16,5.00000001814e-16,0.5,5.00000001814e-16,5.00000001814e-16,5.00000001814e-16,5.00000001814e-16,5.00000001814e-16,5.00000001814e-16
110,0.25,2.50000000907e-16,2.50000000907e-16,0.25,2.50000000907e-16,0.25,2.50000000907e-16,2.50000000907e-16,2.50000000907e-16,0.25
111,2.50000000907e-16,2.50000000907e-16,2.50000000907e-16,0.25,2.50000000907e-16,2.50000000907e-16,2.50000000907e-16,0.25,0.25,0.25
112,3.33333325719e-16,3.33333325719e-16,3.33333325719e-16,0.333333343267,3.33333325719e-16,0.333333343267,3.33333325719e-16,0.333333343267,3.33333325719e-16,3.33333325719e-16
113,0.333333343267,3.33333325719e-16,3.33333325719e-16,0.333333343267,3.33333325719e-16,3.33333325719e-16,0.333333343267,3.33333325719e-16,3.33333325719e-16,3.33333325719e-16
114,5.00000001814e-16,5.00000001814e-16,5.00000001814e-16,0.5,5.00000001814e-16,5.00000001814e-16,0.5,5.00000001814e-16,5.00000001814e-16,5.00000001814e-16
117,0.333333343267,3.33333325719e-16,3.33333325719e-16,0.333333343267,3.33333325719e-16,3.33333325719e-16,0.333333343267,3.33333325719e-16,3.33333325719e-16,3.33333325719e-16
119,0.5,5.00000001814e-16,5.00000001814e-16,0.5,5.00000001814e-16,5.00000001814e-16,5.00000001814e-16,5.00000001814e-16,5.00000001814e-16,5.00000001814e-16
121,0.5,5.00000001814e-16,5.00000001814e-16,0.5,5.00000001814e-16,5.00000001814e-16,5.00000001814e-16,5.00000001814e-16,5.00000001814e-16,5.00000001814e-16
123,1.00000000363e-15,1.00000000363e-15,1.00000000363e-15,1.0,1.00000000363e-15,1.00000000363e-15,1.00000000363e-15,1.00000000363e-15,1.00000000363e-15,1.00000000363e-15
125,3.33333325719e-16,3.33333325719e-16,3.33333325719e-16,0.333333343267,3.33333325719e-16,0.333333343267,3.33333325719e-16,3.33333325719e-16,0.333333343267,3.33333325719e-16
126,5.00000001814e-16,5.00000001814e-16,5.00000001814e-16,0.5,5.00000001814e-16,0.5,5.00000001814e-16,5.00000001814e-16,5.00000001814e-16,5.00000001814e-16
128,1.00000000363e-15,1.00000000363e-15,1.00000000363e-15,1.0,1.00000000363e-15,1.00000000363e-15,1.00000000363e-15,1.00000000363e-15,1.00000000363e-15,1.00000000363e-15
131,5.00000001814e-16,5.00000001814e-16,5.00000001814e-16,0.5,5.00000001814e-16,5.00000001814e-16,0.5,5.00000001814e-16,5.00000001814e-16,5.00000001814e-16
135,5.00000001814e-16,5.00000001814e-16,5.00000001814e-16,0.5,5.00000001814e-16,5.00000001814e-16,0.5,5.00000001814e-16,5.00000001814e-16,5.00000001814e-16
136,1.00000000363e-15,1.00000000363e-15,1.00000000363e-15,1.0,1.00000000363e-15,1.00000000363e-15,1.00000000363e-15,1.00000000363e-15,1.00000000363e-15,1.00000000363e-15
137,0.25,2.50000000907e-16,2.50000000907e-16,0.25,2.50000000907e-16,0.25,0.25,2.50000000907e-16,2.50000000907e-16,2.50000000907e-16
138,5.00000001814e-16,5.00000001814e-16,5.00000001814e-16,0.5,5.00000001814e-16,0.5,5.00000001814e-16,5.00000001814e-16,5.00000001814e-16,5.00000001814e-16
141,0.5,5.00000001814e-16,5.00000001814e-16,0.5,5.00000001814e-16,5.00000001814e-16,5.00000001814e-16,5.00000001814e-16,5.00000001814e-16,5.00000001814e-16
144,5.00000001814e-16,5.00000001814e-16,5.00000001814e-16,0.5,5.00000001814e-16,0.5,5.00000001814e-16,5.00000001814e-16,5.00000001814e-16,5.00000001814e-16
147,1.00000000363e-15,1.00000000363e-15,1.00000000363e-15,1.0,1.00000000363e-15,1.00000000363e-15,1.00000000363e-15,1.00000000363e-15,1.00000000363e-15,1.00000000363e-15
150,0.25,2.50000000907e-16,2.50000000907e-16,0.25,2.50000000907e-16,0.25,0.25,2.50000000907e-16,2.50000000907e-16,2.50000000907e-16
151,0.333333343267,3.33333325719e-16,3.33333325719e-16,0.333333343267,3.33333325719e-16,3.33333325719e-16,3.33333325719e-16,3.33333325719e-16,0.333333343267,3.33333325719e-16
154,1.00000000363e-15,1.00000000363e-15,1.00000000363e-15,1.0,1.00000000363e-15,1.00000000363e-15,1.00000000363e-15,1.00000000363e-15,1.00000000363e-15,1.00000000363e-15
156,0.333333343267,3.33333325719e-16,3.33333325719e-16,0.333333343267,3.33333325719e-16,3.33333325719e-16,0.333333343267,3.33333325719e-16,3.33333325719e-16,3.33333325719e-16
157,1.00000000363e-15,1.00000000363e-15,1.00000000363e-15,1.0,1.00000000363e-15,1.00000000363e-15,1.00000000363e-15,1.00000000363e-15,1.00000000363e-15,1.00000000363e-15
158,0.5,5.00000001814e-16,5.00000001814e-16,0.5,5.00000001814e-16,5.00000001814e-16,5.00000001814e-16,5.00000001814e-16,5.00000001814e-16,5.00000001814e-16
159,1.00000000363e-15,1.00000000363e-15,1.00000000363e-15,1.0,1.00000000363e-15,1.00000000363e-15,1.00000000363e-15,1.00000000363e-15,1.00000000363e-15,1.00000000363e-15
161,0.25,2.50000000907e-16,2.50000000907e-16,0.25,2.50000000907e-16,0.25,0.25,2.50000000907e-16,2.50000000907e-16,2.50000000907e-16
162,0.333333343267,3.33333325719e-16,3.33333325719e-16,0.333333343267,3.33333325719e-16,0.333333343267,3.33333325719e-16,3.33333325719e-16,3.33333325719e-16,3.33333325719e-16
170,0.25,2.50000000907e-16,2.50000000907e-16,0.25,2.50000000907e-16,0.25,0.25,2.50000000907e-16,2.50000000907e-16,2.50000000907e-16
172,0.333333343267,3.33333325719e-16,3.33333325719e-16,0.333333343267,3.33333325719e-16,3.33333325719e-16,0.333333343267,3.33333325719e-16,3.33333325719e-16,3.33333325719e-16
174,1.00000000363e-15,1.00000000363e-15,1.00000000363e-15,1.0,1.00000000363e-15,1.00000000363e-15,1.00000000363e-15,1.00000000363e-15,1.00000000363e-15,1.00000000363e-15
176,5.00000001814e-16,5.00000001814e-16,5.00000001814e-16,0.5,5.00000001814e-16,5.00000001814e-16,0.5,5.00000001814e-16,5.00000001814e-16,5.00000001814e-16
177,1.00000000363e-15,1.00000000363e-15,1.00000000363e-15,1.0,1.00000000363e-15,1.00000000363e-15,1.00000000363e-15,1.00000000363e-15,1.00000000363e-15,1.00000000363e-15
180,5.00000001814e-16,5.00000001814e-16,5.00000001814e-16,0.5,5.00000001814e-16,0.5,5.00000001814e-16,5.00000001814e-16,5.00000001814e-16,5.00000001814e-16
181,1.00000000363e-15,1.00000000363e-15,1.00000000363e-15,1.0,1.00000000363e-15,1.00000000363e-15,1.00000000363e-15,1.00000000363e-15,1.00000000363e-15,1.00000000363e-15
182,1.00000000363e-15,1.00000000363e-15,1.00000000363e-15,1.0,1.00000000363e-15,1.00000000363e-15,1.00000000363e-15,1.00000000363e-15,1.00000000363e-15,1.00000000363e-15
184,0.333333343267,3.33333325719e-16,3.33333325719e-16,0.333333343267,3.33333325719e-16,3.33333325719e-16,0.333333343267,3.33333325719e-16,3.33333325719e-16,3.33333325719e-16
185,5.00000001814e-16,5.00000001814e-16,5.00000001814e-16,0.5,5.00000001814e-16,5.00000001814e-16,0.5,5.00000001814e-16,5.00000001814e-16,5.00000001814e-16
187,1.00000000363e-15,1.00000000363e-15,1.00000000363e-15,1.0,1.00000000363e-15,1.00000000363e-15,1.00000000363e-15,1.00000000363e-15,1.00000000363e-15,1.00000000363e-15
191,0.25,2.50000000907e-16,2.50000000907e-16,0.25,2.50000000907e-16,0.25,0.25,2.50000000907e-16,2.50000000907e-16,2.50000000907e-16
192,5.00000001814e-16,5.00000001814e-16,5.00000001814e-16,0.5,5.00000001814e-16,5.00000001814e-16,5.00000001814e-16,5.00000001814e-16,0.5,5.00000001814e-16
193,5.00000001814e-16,5.00000001814e-16,5.00000001814e-16,0.5,5.00000001814e-16,0.5,5.00000001814e-16,5.00000001814e-16,5.00000001814e-16,5.00000001814e-16
195,1.00000000363e-15,1.00000000363e-15,1.00000000363e-15,1.0,1.00000000363e-15,1.00000000363e-15,1.00000000363e-15,1.00000000363e-15,1.00000000363e-15,1.00000000363e-15
197,0.5,5.00000001814e-16,5.00000001814e-16,0.5,5.00000001814e-16,5.00000001814e-16,5.00000001814e-16,5.00000001814e-16,5.00000001814e-16,5.00000001814e-16
200,5.00000001814e-16,5.00000001814e-16,5.00000001814e-16,0.5,5.00000001814e-16,5.00000001814e-16,0.5,5.00000001814e-16,5.00000001814e-16,5.00000001814e-16
205,5.00000001814e-16,5.00000001814e-16,5.00000001814e-16,0.5,5.00000001814e-16,5.00000001814e-16,0.5,5.00000001814e-16,5.00000001814e-16,5.00000001814e-16
207,0.333333343267,3.33333325719e-16,3.33333325719e-16,0.333333343267,3.33333325719e-16,3.33333325719e-16,0.333333343267,3.33333325719e-16,3.33333325719e-16,3.33333325719e-16
208,1.00000000363e-15,1.00000000363e-15,1.00000000363e-15,1.0,1.00000000363e-15,1.00000000363e-15,1.00000000363e-15,1.00000000363e-15,1.00000000363e-15,1.00000000363e-15
209,1.00000000363e-15,1.00000000363e-15,1.00000000363e-15,1.0,1.00000000363e-15,1.00000000363e-15,1.00000000363e-15,1.00000000363e-15,1.00000000363e-15,1.00000000363e-15
210,1.00000000363e-15,1.00000000363e-15,1.00000000363e-15,1.0,1.00000000363e-15,1.00000000363e-15,1.00000000363e-15,1.00000000363e-15,1.00000000363e-15,1.00000000363e-15
213,3.33333325719e-16,3.33333325719e-16,3.33333325719e-16,0.333333343267,3.33333325719e-16,0.333333343267,0.333333343267,3.33333325719e-16,3.33333325719e-16,3.33333325719e-16
220,0.25,2.50000000907e-16,2.50000000907e-16,0.25,2.50000000907e-16,0.25,2.50000000907e-16,2.50000000907e-16,0.25,2.50000000907e-16
221,0.333333343267,3.33333325719e-16,3.33333325719e-16,0.333333343267,3.33333325719e-16,3.33333325719e-16,3.33333325719e-16,0.333333343267,3.33333325719e-16,3.33333325719e-16
222,5.00000001814e-16,5.00000001814e-16,5.00000001814e-16,0.5,5.00000001814e-16,5.00000001814e-16,0.5,5.00000001814e-16,5.00000001814e-16,5.00000001814e-16
223,0.5,5.00000001814e-16,5.00000001814e-16,0.5,5.00000001814e-16,5.00000001814e-16,5.00000001814e-16,5.00000001814e-16,5.00000001814e-16,5.00000001814e-16
226,0.25,2.50000000907e-16,2.50000000907e-16,0.25,2.50000000907e-16,0.25,2.50000000907e-16,2.50000000907e-16,2.50000000907e-16,0.25
229,1.00000000363e-15,1.00000000363e-15,1.00000000363e-15,1.0,1.00000000363e-15,1.00000000363e-15,1.00000000363e-15,1.00000000363e-15,1.00000000363e-15,1.00000000363e-15
230,1.00000000363e-15,1.00000000363e-15,1.00000000363e-15,1.0,1.00000000363e-15,1.00000000363e-15,1.00000000363e-15,1.00000000363e-15,1.00000000363e-15,1.00000000363e-15
232,0.333333343267,3.33333325719e-16,3.33333325719e-16,0.333333343267,3.33333325719e-16,3.33333325719e-16,3.33333325719e-16,0.333333343267,3.33333325719e-16,3.33333325719e-16
234,0.5,5.00000001814e-16,5.00000001814e-16,0.5,5.00000001814e-16,5.00000001814e-16,5.00000001814e-16,5.00000001814e-16,5.00000001814e-16,5.00000001814e-16
236,1.00000000363e-15,1.00000000363e-15,1.00000000363e-15,1.0,1.00000000363e-15,1.00000000363e-15,1.00000000363e-15,1.00000000363e-15,1.00000000363e-15,1.00000000363e-15
244,3.33333325719e-16,3.33333325719e-16,3.33333325719e-16,0.333333343267,3.33333325719e-16,0.333333343267,0.333333343267,3.33333325719e-16,3.33333325719e-16,3.33333325719e-16
250,3.33333325719e-16,3.33333325719e-16,3.33333325719e-16,0.333333343267,3.33333325719e-16,0.333333343267,0.333333343267,3.33333325719e-16,3.33333325719e-16,3.33333325719e-16
251,3.33333325719e-16,3.33333325719e-16,3.33333325719e-16,0.333333343267,3.33333325719e-16,0.333333343267,0.333333343267,3.33333325719e-16,3.33333325719e-16,3.33333325719e-16
254,0.25,2.50000000907e-16,2.50000000907e-16,0.25,2.50000000907e-16,0.25,0.25,2.50000000907e-16,2.50000000907e-16,2.50000000907e-16
255,1.00000000363e-15,1.00000000363e-15,1.00000000363e-15,1.0,1.00000000363e-15,1.00000000363e-15,1.00000000363e-15,1.00000000363e-15,1.00000000363e-15,1.00000000363e-15
261,0.333333343267,3.33333325719e-16,3.33333325719e-16,0.333333343267,3.33333325719e-16,3.33333325719e-16,0.333333343267,3.33333325719e-16,3.33333325719e-16,3.33333325719e-16
264,1.00000000363e-15,1.00000000363e-15,1.00000000363e-15,1.0,1.00000000363e-15,1.00000000363e-15,1.00000000363e-15,1.00000000363e-15,1.00000000363e-15,1.00000000363e-15
266,1.00000000363e-15,1.00000000363e-15,1.00000000363e-15,1.0,1.00000000363e-15,1.00000000363e-15,1.00000000363e-15,1.00000000363e-15,1.00000000363e-15,1.00000000363e-15
271,1.00000000363e-15,1.00000000363e-15,1.00000000363e-15,1.0,1.00000000363e-15,1.00000000363e-15,1.00000000363e-15,1.00000000363e-15,1.00000000363e-15,1.00000000363e-15
272,0.5,5.00000001814e-16,5.00000001814e-16,0.5,5.00000001814e-16,5.00000001814e-16,5.00000001814e-16,5.00000001814e-16,5.00000001814e-16,5.00000001814e-16
274,0.333333343267,3.33333325719e-16,3.33333325719e-16,0.333333343267,3.33333325719e-16,3.33333325719e-16,3.33333325719e-16,0.333333343267,3.33333325719e-16,3.33333325719e-16
276,1.00000000363e-15,1.00000000363e-15,1.00000000363e-15,1.0,1.00000000363e-15,1.00000000363e-15,1.00000000363e-15,1.00000000363e-15,1.00000000363e-15,1.00000000363e-15
277,5.00000001814e-16,5.00000001814e-16,5.00000001814e-16,0.5,5.00000001814e-16,5.00000001814e-16,5.00000001814e-16,5.00000001814e-16,0.5,5.00000001814e-16
279,1.00000000363e-15,1.00000000363e-15,1.00000000363e-15,1.0,1.00000000363e-15,1.00000000363e-15,1.00000000363e-15,1.00000000363e-15,1.00000000363e-15,1.00000000363e-15
281,1.00000000363e-15,1.00000000363e-15,1.00000000363e-15,1.0,1.00000000363e-15,1.00000000363e-15,1.00000000363e-15,1.00000000363e-15,1.00000000363e-15,1.00000000363e-15
284,0.5,5.00000001814e-16,5.00000001814e-16,0.5,5.00000001814e-16,5.00000001814e-16,5.00000001814e-16,5.00000001814e-16,5.00000001814e-16,5.00000001814e-16
285,1.00000000363e-15,1.00000000363e-15,1.00000000363e-15,1.0,1.00000000363e-15,1.00000000363e-15,1.00000000363e-15,1.00000000363e-15,1.00000000363e-15,1.00000000363e-15
287,1.00000000363e-15,1.00000000363e-15,1.00000000363e-15,1.0,1.00000000363e-15,1.00000000363e-15,1.00000000363e-15,1.00000000363e-15,1.00000000363e-15,1.00000000363e-15
292,1.00000000363e-15,1.00000000363e-15,1.00000000363e-15,1.0,1.00000000363e-15,1.00000000363e-15,1.00000000363e-15,1.00000000363e-15,1.00000000363e-15,1.00000000363e-15
293,5.00000001814e-16,5.00000001814e-16,5.00000001814e-16,0.5,5.00000001814e-16,0.5,5.00000001814e-16,5.00000001814e-16,5.00000001814e-16,5.00000001814e-16
295,3.33333325719e-16,3.33333325719e-16,3.33333325719e-16,0.333333343267,3.33333325719e-16,0.333333343267,0.333333343267,3.33333325719e-16,3.33333325719e-16,3.33333325719e-16
296,0.20000000298,2.00000003372e-16,2.00000003372e-16,0.20000000298,2.00000003372e-16,0.20000000298,0.20000000298,2.00000003372e-16,0.20000000298,2.00000003372e-16
297,1.00000000363e-15,1.00000000363e-15,1.00000000363e-15,1.0,1.00000000363e-15,1.00000000363e-15,1.00000000363e-15,1.00000000363e-15,1.00000000363e-15,1.00000000363e-15
299,1.00000000363e-15,1.00000000363e-15,1.00000000363e-15,1.0,1.00000000363e-15,1.00000000363e-15,1.00000000363e-15,1.00000000363e-15,1.00000000363e-15,1.00000000363e-15
300,5.00000001814e-16,5.00000001814e-16,5.00000001814e-16,0.5,5.00000001814e-16,5.00000001814e-16,0.5,5.00000001814e-16,5.00000001814e-16,5.00000001814e-16
301,0.333333343267,3.33333325719e-16,3.33333325719e-16,0.333333343267,3.33333325719e-16,3.33333325719e-16,0.333333343267,3.33333325719e-16,3.33333325719e-16,3.33333325719e-16
305,5.00000001814e-16,5.00000001814e-16,5.00000001814e-16,0.5,5.00000001814e-16,5.00000001814e-16,5.00000001814e-16,5.00000001814e-16,5.00000001814e-16,0.5
308,0.20000000298,2.00000003372e-16,2.00000003372e-16,0.20000000298,2.00000003372e-16,0.20000000298,0.20000000298,2.00000003372e-16,2.00000003372e-16,0.20000000298
312,1.00000000363e-15,1.00000000363e-15,1.00000000363e-15,1.0,1.00000000363e-15,1.00000000363e-15,1.00000000363e-15,1.00000000363e-15,1.00000000363e-15,1.00000000363e-15
313,5.00000001814e-16,5.00000001814e-16,5.00000001814e-16,0.5,5.00000001814e-16,5.00000001814e-16,0.5,5.00000001814e-16,5.00000001814e-16,5.00000001814e-16
316,5.00000001814e-16,5.00000001814e-16,5.00000001814e-16,0.5,5.00000001814e-16,5.00000001814e-16,0.5,5.00000001814e-16,5.00000001814e-16,5.00000001814e-16
318,5.00000001814e-16,5.00000001814e-16,5.00000001814e-16,0.5,5.00000001814e-16,0.5,5.00000001814e-16,5.00000001814e-16,5.00000001814e-16,5.00000001814e-16
320,0.25,2.50000000907e-16,2.50000000907e-16,0.25,2.50000000907e-16,0.25,0.25,2.50000000907e-16,2.50000000907e-16,2.50000000907e-16
332,5.00000001814e-16,5.00000001814e-16,5.00000001814e-16,0.5,5.00000001814e-16,5.00000001814e-16,5.00000001814e-16,5.00000001814e-16,0.5,5.00000001814e-16
337,1.00000000363e-15,1.00000000363e-15,1.00000000363e-15,1.0,1.00000000363e-15,1.00000000363e-15,1.00000000363e-15,1.00000000363e-15,1.00000000363e-15,1.00000000363e-15
343,2.50000000907e-16,2.50000000907e-16,2.50000000907e-16,0.25,2.50000000907e-16,0.25,0.25,2.50000000907e-16,2.50000000907e-16,0.25
346,1.00000000363e-15,1.00000000363e-15,1.00000000363e-15,1.0,1.00000000363e-15,1.00000000363e-15,1.00000000363e-15,1.00000000363e-15,1.00000000363e-15,1.00000000363e-15
347,0.333333343267,3.33333325719e-16,3.33333325719e-16,0.333333343267,3.33333325719e-16,0.333333343267,3.33333325719e-16,3.33333325719e-16,3.33333325719e-16,3.33333325719e-16
351,0.25,2.50000000907e-16,2.50000000907e-16,0.25,2.50000000907e-16,0.25,0.25,2.50000000907e-16,2.50000000907e-16,2.50000000907e-16
352,1.00000000363e-15,1.00000000363e-15,1.00000000363e-15,1.0,1.00000000363e-15,1.00000000363e-15,1.00000000363e-15,1.00000000363e-15,1.00000000363e-15,1.00000000363e-15
353,5.00000001814e-16,5.00000001814e-16,5.00000001814e-16,0.5,5.00000001814e-16,0.5,5.00000001814e-16,5.00000001814e-16,5.00000001814e-16,5.00000001814e-16
359,1.00000000363e-15,1.00000000363e-15,1.00000000363e-15,1.0,1.00000000363e-15,1.00000000363e-15,1.00000000363e-15,1.00000000363e-15,1.00000000363e-15,1.00000000363e-15
361,5.00000001814e-16,5.00000001814e-16,5.00000001814e-16,0.5,5.00000001814e-16,5.00000001814e-16,0.5,5.00000001814e-16,5.00000001814e-16,5.00000001814e-16
368,5.00000001814e-16,5.00000001814e-16,5.00000001814e-16,0.5,5.00000001814e-16,0.5,5.00000001814e-16,5.00000001814e-16,5.00000001814e-16,5.00000001814e-16
370,0.5,5.00000001814e-16,5.00000001814e-16,0.5,5.00000001814e-16,5.00000001814e-16,5.00000001814e-16,5.00000001814e-16,5.00000001814e-16,5.00000001814e-16
372,3.33333325719e-16,3.33333325719e-16,3.33333325719e-16,0.333333343267,3.33333325719e-16,0.333333343267,0.333333343267,3.33333325719e-16,3.33333325719e-16,3.33333325719e-16
373,0.333333343267,3.33333325719e-16,3.33333325719e-16,0.333333343267,3.33333325719e-16,3.33333325719e-16,0.333333343267,3.33333325719e-16,3.33333325719e-16,3.33333325719e-16
378,1.00000000363e-15,1.00000000363e-15,1.00000000363e-15,1.0,1.00000000363e-15,1.00000000363e-15,1.00000000363e-15,1.00000000363e-15,1.00000000363e-15,1.00000000363e-15
381,5.00000001814e-16,5.00000001814e-16,5.00000001814e-16,0.5,5.00000001814e-16,5.00000001814e-16,5.00000001814e-16,0.5,5.00000001814e-16,5.00000001814e-16
384,5.00000001814e-16,5.00000001814e-16,5.00000001814e-16,0.5,5.00000001814e-16,0.5,5.00000001814e-16,5.00000001814e-16,5.00000001814e-16,5.00000001814e-16
385,0.333333343267,3.33333325719e-16,3.33333325719e-16,0.333333343267,3.33333325719e-16,0.333333343267,3.33333325719e-16,3.33333325719e-16,3.33333325719e-16,3.33333325719e-16
391,3.33333325719e-16,3.33333325719e-16,3.33333325719e-16,0.333333343267,3.33333325719e-16,0.333333343267,3.33333325719e-16,3.33333325719e-16,0.333333343267,3.33333325719e-16
395,5.00000001814e-16,5.00000001814e-16,5.00000001814e-16,0.5,5.00000001814e-16,0.5,5.00000001814e-16,5.00000001814e-16,5.00000001814e-16,5.00000001814e-16
399,5.00000001814e-16,5.00000001814e-16,5.00000001814e-16,0.5,5.00000001814e-16,5.00000001814e-16,0.5,5.00000001814e-16,5.00000001814e-16,5.00000001814e-16
400,5.00000001814e-16,5.00000001814e-16,5.00000001814e-16,0.5,5.00000001814e-16,5.00000001814e-16,0.5,5.00000001814e-16,5.00000001814e-16,5.00000001814e-16
401,5.00000001814e-16,5.00000001814e-16,5.00000001814e-16,0.5,5.00000001814e-16,5.00000001814e-16,5.00000001814e-16,5.00000001814e-16,5.00000001814e-16,0.5
402,0.5,5.00000001814e-16,5.00000001814e-16,0.5,5.00000001814e-16,5.00000001814e-16,5.00000001814e-16,5.00000001814e-16,5.00000001814e-16,5.00000001814e-16
403,0.333333343267,3.33333325719e-16,3.33333325719e-16,0.333333343267,3.33333325719e-16,3.33333325719e-16,3.33333325719e-16,3.33333325719e-16,0.333333343267,3.33333325719e-16
405,0.5,5.00000001814e-16,5.00000001814e-16,0.5,5.00000001814e-16,5.00000001814e-16,5.00000001814e-16,5.00000001814e-16,5.00000001814e-16,5.00000001814e-16
406,2.50000000907e-16,2.50000000907e-16,2.50000000907e-16,0.25,2.50000000907e-16,0.25,0.25,2.50000000907e-16,0.25,2.50000000907e-16
407,0.5,5.00000001814e-16,5.00000001814e-16,0.5,5.00000001814e-16,5.00000001814e-16,5.00000001814e-16,5.00000001814e-16,5.00000001814e-16,5.00000001814e-16
414,5.00000001814e-16,5.00000001814e-16,5.00000001814e-16,0.5,5.00000001814e-16,5.00000001814e-16,5.00000001814e-16,5.00000001814e-16,0.5,5.00000001814e-16
421,1.00000000363e-15,1.00000000363e-15,1.00000000363e-15,1.0,1.00000000363e-15,1.00000000363e-15,1.00000000363e-15,1.00000000363e-15,1.00000000363e-15,1.00000000363e-15
422,0.25,2.50000000907e-16,2.50000000907e-16,0.25,2.50000000907e-16,0.25,2.50000000907e-16,0.25,2.50000000907e-16,2.50000000907e-16
424,1.00000000363e-15,1.00000000363e-15,1.00000000363e-15,1.0,1.00000000363e-15,1.00000000363e-15,1.00000000363e-15,1.00000000363e-15,1.00000000363e-15,1.00000000363e-15
429,5.00000001814e-16,5.00000001814e-16,5.00000001814e-16,0.5,5.00000001814e-16,5.00000001814e-16,0.5,5.00000001814e-16,5.00000001814e-16,5.00000001814e-16
432,1.00000000363e-15,1.00000000363e-15,1.00000000363e-15,1.0,1.00000000363e-15,1.00000000363e-15,1.00000000363e-15,1.00000000363e-15,1.00000000363e-15,1.00000000363e-15
434,1.00000000363e-15,1.00000000363e-15,1.00000000363e-15,1.0,1.00000000363e-15,1.00000000363e-15,1.00000000363e-15,1.00000000363e-15,1.00000000363e-15,1.00000000363e-15
439,5.00000001814e-16,5.00000001814e-16,5.00000001814e-16,0.5,5.00000001814e-16,5.00000001814e-16,5.00000001814e-16,0.5,5.00000001814e-16,5.00000001814e-16
441,5.00000001814e-16,5.00000001814e-16,5.00000001814e-16,0.5,5.00000001814e-16,5.00000001814e-16,5.00000001814e-16,0.5,5.00000001814e-16,5.00000001814e-16
442,0.5,5.00000001814e-16,5.00000001814e-16,0.5,5.00000001814e-16,5.00000001814e-16,5.00000001814e-16,5.00000001814e-16,5.00000001814e-16,5.00000001814e-16
447,5.00000001814e-16,5.00000001814e-16,5.00000001814e-16,0.5,5.00000001814e-16,0.5,5.00000001814e-16,5.00000001814e-16,5.00000001814e-16,5.00000001814e-16
448,1.00000000363e-15,1.00000000363e-15,1.00000000363e-15,1.0,1.00000000363e-15,1.00000000363e-15,1.00000000363e-15,1.00000000363e-15,1.00000000363e-15,1.00000000363e-15
453,3.33333325719e-16,3.33333325719e-16,3.33333325719e-16,0.333333343267,3.33333325719e-16,0.333333343267,0.333333343267,3.33333325719e-16,3.33333325719e-16,3.33333325719e-16
457,5.00000001814e-16,5.00000001814e-16,5.00000001814e-16,0.5,5.00000001814e-16,5.00000001814e-16,0.5,5.00000001814e-16,5.00000001814e-16,5.00000001814e-16
465,0.333333343267,3.33333325719e-16,3.33333325719e-16,0.333333343267,3.33333325719e-16,3.33333325719e-16,3.33333325719e-16,3.33333325719e-16,0.333333343267,3.33333325719e-16
471,0.333333343267,3.33333325719e-16,3.33333325719e-16,0.333333343267,3.33333325719e-16,3.33333325719e-16,0.333333343267,3.33333325719e-16,3.33333325719e-16,3.33333325719e-16
472,0.5,5.00000001814e-16,5.00000001814e-16,0.5,5.00000001814e-16,5.00000001814e-16,5.00000001814e-16,5.00000001814e-16,5.00000001814e-16,5.00000001814e-16
473,5.00000001814e-16,5.00000001814e-16,5.00000001814e-16,0.5,5.00000001814e-16,0.5,5.00000001814e-16,5.00000001814e-16,5.00000001814e-16,5.00000001814e-16
474,5.00000001814e-16,5.00000001814e-16,5.00000001814e-16,0.5,5.00000001814e-16,5.00000001814e-16,0.5,5.00000001814e-16,5.00000001814e-16,5.00000001814e-16
476,1.00000000363e-15,1.00000000363e-15,1.00000000363e-15,1.00000000363e-15,1.00000000363e-15,1.00000000363e-15,1.00000000363e-15,1.00000000363e-15,1.00000000363e-15,1.0
477,3.33333325719e-16,3.33333325719e-16,3.33333325719e-16,0.333333343267,3.33333325719e-16,0.333333343267,0.333333343267,3.33333325719e-16,3.33333325719e-16,3.33333325719e-16
479,0.5,5.00000001814e-16,5.00000001814e-16,0.5,5.00000001814e-16,5.00000001814e-16,5.00000001814e-16,5.00000001814e-16,5.00000001814e-16,5.00000001814e-16
480,3.33333325719e-16,3.33333325719e-16,3.33333325719e-16,0.333333343267,3.33333325719e-16,0.333333343267,0.333333343267,3.33333325719e-16,3.33333325719e-16,3.33333325719e-16
483,1.00000000363e-15,1.00000000363e-15,1.00000000363e-15,1.0,1.00000000363e-15,1.00000000363e-15,1.00000000363e-15,1.00000000363e-15,1.00000000363e-15,1.00000000363e-15
484,5.00000001814e-16,5.00000001814e-16,5.00000001814e-16,0.5,5.00000001814e-16,5.00000001814e-16,5.00000001814e-16,0.5,5.00000001814e-16,5.00000001814e-16
486,1.00000000363e-15,1.00000000363e-15,1.00000000363e-15,1.0,1.00000000363e-15,1.00000000363e-15,1.00000000363e-15,1.00000000363e-15,1.00000000363e-15,1.00000000363e-15
495,0.333333343267,3.33333325719e-16,3.33333325719e-16,0.333333343267,3.33333325719e-16,3.33333325719e-16,0.333333343267,3.33333325719e-16,3.33333325719e-16,3.33333325719e-16
500,1.00000000363e-15,1.00000000363e-15,1.00000000363e-15,1.0,1.00000000363e-15,1.00000000363e-15,1.00000000363e-15,1.00000000363e-15,1.00000000363e-15,1.00000000363e-15
503,1.00000000363e-15,1.00000000363e-15,1.00000000363e-15,1.0,1.00000000363e-15,1.00000000363e-15,1.00000000363e-15,1.00000000363e-15,1.00000000363e-15,1.00000000363e-15
504,5.00000001814e-16,5.00000001814e-16,5.00000001814e-16,0.5,5.00000001814e-16,5.00000001814e-16,0.5,5.00000001814e-16,5.00000001814e-16,5.00000001814e-16
507,0.333333343267,3.33333325719e-16,3.33333325719e-16,0.333333343267,3.33333325719e-16,3.33333325719e-16,0.333333343267,3.33333325719e-16,3.33333325719e-16,3.33333325719e-16
509,5.00000001814e-16,5.00000001814e-16,5.00000001814e-16,0.5,5.00000001814e-16,0.5,5.00000001814e-16,5.00000001814e-16,5.00000001814e-16,5.00000001814e-16
512,1.00000000363e-15,1.00000000363e-15,1.00000000363e-15,1.0,1.00000000363e-15,1.00000000363e-15,1.00000000363e-15,1.00000000363e-15,1.00000000363e-15,1.00000000363e-15
515,2.50000000907e-16,2.50000000907e-16,2.50000000907e-16,0.25,2.50000000907e-16,0.25,0.25,0.25,2.50000000907e-16,2.50000000907e-16
518,0.333333343267,3.33333325719e-16,3.33333325719e-16,0.333333343267,3.33333325719e-16,0.333333343267,3.33333325719e-16,3.33333325719e-16,3.33333325719e-16,3.33333325719e-16
525,1.00000000363e-15,1.00000000363e-15,1.00000000363e-15,1.0,1.00000000363e-15,1.00000000363e-15,1.00000000363e-15,1.00000000363e-15,1.00000000363e-15,1.00000000363e-15
526,1.00000000363e-15,1.00000000363e-15,1.00000000363e-15,1.0,1.00000000363e-15,1.00000000363e-15,1.00000000363e-15,1.00000000363e-15,1.00000000363e-15,1.00000000363e-15
527,0.5,5.00000001814e-16,5.00000001814e-16,0.5,5.00000001814e-16,5.00000001814e-16,5.00000001814e-16,5.00000001814e-16,5.00000001814e-16,5.00000001814e-16
529,0.333333343267,3.33333325719e-16,3.33333325719e-16,0.333333343267,3.33333325719e-16,3.33333325719e-16,0.333333343267,3.33333325719e-16,3.33333325719e-16,3.33333325719e-16
531,3.33333325719e-16,3.33333325719e-16,3.33333325719e-16,0.333333343267,3.33333325719e-16,0.333333343267,3.33333325719e-16,3.33333325719e-16,3.33333325719e-16,0.333333343267
533,1.00000000363e-15,1.00000000363e-15,1.00000000363e-15,1.0,1.00000000363e-15,1.00000000363e-15,1.00000000363e-15,1.00000000363e-15,1.00000000363e-15,1.00000000363e-15
534,1.00000000363e-15,1.00000000363e-15,1.00000000363e-15,1.0,1.00000000363e-15,1.00000000363e-15,1.00000000363e-15,1.00000000363e-15,1.00000000363e-15,1.00000000363e-15
536,5.00000001814e-16,5.00000001814e-16,5.00000001814e-16,0.5,5.00000001814e-16,5.00000001814e-16,0.5,5.00000001814e-16,5.00000001814e-16,5.00000001814e-16
537,5.00000001814e-16,5.00000001814e-16,5.00000001814e-16,0.5,5.00000001814e-16,5.00000001814e-16,5.00000001814e-16,0.5,5.00000001814e-16,5.00000001814e-16
540,1.00000000363e-15,1.00000000363e-15,1.00000000363e-15,1.0,1.00000000363e-15,1.00000000363e-15,1.00000000363e-15,1.00000000363e-15,1.00000000363e-15,1.00000000363e-15
541,0.25,2.50000000907e-16,2.50000000907e-16,0.25,2.50000000907e-16,0.25,0.25,2.50000000907e-16,2.50000000907e-16,2.50000000907e-16
544,5.00000001814e-16,5.00000001814e-16,5.00000001814e-16,0.5,5.00000001814e-16,5.00000001814e-16,5.00000001814e-16,5.00000001814e-16,5.00000001814e-16,0.5
546,0.25,2.50000000907e-16,2.50000000907e-16,0.25,2.50000000907e-16,0.25,2.50000000907e-16,2.50000000907e-16,2.50000000907e-16,0.25
549,0.20000000298,2.00000003372e-16,2.00000003372e-16,0.20000000298,2.00000003372e-16,0.20000000298,0.20000000298,2.00000003372e-16,2.00000003372e-16,0.20000000298
554,1.00000000363e-15,1.00000000363e-15,1.00000000363e-15,1.0,1.00000000363e-15,1.00000000363e-15,1.00000000363e-15,1.00000000363e-15,1.00000000363e-15,1.00000000363e-15
555,0.5,5.00000001814e-16,5.00000001814e-16,0.5,5.00000001814e-16,5.00000001814e-16,5.00000001814e-16,5.00000001814e-16,5.00000001814e-16,5.00000001814e-16
557,2.50000000907e-16,2.50000000907e-16,2.50000000907e-16,0.25,2.50000000907e-16,0.25,0.25,2.50000000907e-16,2.50000000907e-16,0.25
560,1.00000000363e-15,1.00000000363e-15,1.00000000363e-15,1.0,1.00000000363e-15,1.00000000363e-15,1.00000000363e-15,1.00000000363e-15,1.00000000363e-15,1.00000000363e-15
565,5.00000001814e-16,5.00000001814e-16,5.00000001814e-16,0.5,5.00000001814e-16,5.00000001814e-16,5.00000001814e-16,5.00000001814e-16,5.00000001814e-16,0.5
567,0.25,2.50000000907e-16,2.50000000907e-16,0.25,2.50000000907e-16,0.25,0.25,2.50000000907e-16,2.50000000907e-16,2.50000000907e-16
574,1.00000000363e-15,1.00000000363e-15,1.00000000363e-15,1.0,1.00000000363e-15,1.00000000363e-15,1.00000000363e-15,1.00000000363e-15,1.00000000363e-15,1.00000000363e-15
575,5.00000001814e-16,5.00000001814e-16,5.00000001814e-16,0.5,5.00000001814e-16,0.5,5.00000001814e-16,5.00000001814e-16,5.00000001814e-16,5.00000001814e-16
577,5.00000001814e-16,5.00000001814e-16,5.00000001814e-16,0.5,5.00000001814e-16,5.00000001814e-16,0.5,5.00000001814e-16,5.00000001814e-16,5.00000001814e-16
578,1.00000000363e-15,1.00000000363e-15,1.00000000363e-15,1.0,1.00000000363e-15,1.00000000363e-15,1.00000000363e-15,1.00000000363e-15,1.00000000363e-15,1.00000000363e-15
579,3.33333325719e-16,3.33333325719e-16,3.33333325719e-16,0.333333343267,3.33333325719e-16,0.333333343267,0.333333343267,3.33333325719e-16,3.33333325719e-16,3.33333325719e-16
580,0.333333343267,3.33333325719e-16,3.33333325719e-16,0.333333343267,3.33333325719e-16,3.33333325719e-16,3.33333325719e-16,3.33333325719e-16,0.333333343267,3.33333325719e-16
583,0.5,5.00000001814e-16,5.00000001814e-16,0.5,5.00000001814e-16,5.00000001814e-16,5.00000001814e-16,5.00000001814e-16,5.00000001814e-16,5.00000001814e-16
584,0.5,5.00000001814e-16,5.00000001814e-16,0.5,5.00000001814e-16,5.00000001814e-16,5.00000001814e-16,5.00000001814e-16,5.00000001814e-16,5.00000001814e-16
586,1.00000000363e-15,1.00000000363e-15,1.00000000363e-15,1.0,1.00000000363e-15,1.00000000363e-15,1.00000000363e-15,1.00000000363e-15,1.00000000363e-15,1.00000000363e-15
587,0.5,5.00000001814e-16,5.00000001814e-16,0.5,5.00000001814e-16,5.00000001814e-16,5.00000001814e-16,5.00000001814e-16,5.00000001814e-16,5.00000001814e-16
590,0.25,2.50000000907e-16,2.50000000907e-16,0.25,2.50000000907e-16,0.25,2.50000000907e-16,0.25,2.50000000907e-16,2.50000000907e-16
591,5.00000001814e-16,5.00000001814e-16,5.00000001814e-16,0.5,5.00000001814e-16,0.5,5.00000001814e-16,5.00000001814e-16,5.00000001814e-16,5.00000001814e-16
594,0.25,2.50000000907e-16,2.50000000907e-16,0.25,2.50000000907e-16,0.25,0.25,2.50000000907e-16,2.50000000907e-16,2.50000000907e-16
599,5.00000001814e-16,5.00000001814e-16,5.00000001814e-16,0.5,5.00000001814e-16,5.00000001814e-16,0.5,5.00000001814e-16,5.00000001814e-16,5.00000001814e-16
602,5.00000001814e-16,5.00000001814e-16,5.00000001814e-16,0.5,5.00000001814e-16,5.00000001814e-16,0.5,5.00000001814e-16,5.00000001814e-16,5.00000001814e-16
604,5.00000001814e-16,5.00000001814e-16,5.00000001814e-16,0.5,5.00000001814e-16,0.5,5.00000001814e-16,5.00000001814e-16,5.00000001814e-16,5.00000001814e-16
607,0.333333343267,3.33333325719e-16,3.33333325719e-16,0.333333343267,3.33333325719e-16,3.33333325719e-16,0.333333343267,3.33333325719e-16,3.33333325719e-16,3.33333325719e-16
608,0.20000000298,2.00000003372e-16,2.00000003372e-16,0.20000000298,2.00000003372e-16,0.20000000298,0.20000000298,0.20000000298,2.00000003372e-16,2.00000003372e-16
611,5.00000001814e-16,5.00000001814e-16,5.00000001814e-16,0.5,5.00000001814e-16,0.5,5.00000001814e-16,5.00000001814e-16,5.00000001814e-16,5.00000001814e-16
612,1.00000000363e-15,1.00000000363e-15,1.00000000363e-15,1.0,1.00000000363e-15,1.00000000363e-15,1.00000000363e-15,1.00000000363e-15,1.00000000363e-15,1.00000000363e-15
613,5.00000001814e-16,5.00000001814e-16,5.00000001814e-16,0.5,5.00000001814e-16,5.00000001814e-16,0.5,5.00000001814e-16,5.00000001814e-16,5.00000001814e-16
617,5.00000001814e-16,5.00000001814e-16,5.00000001814e-16,0.5,5.00000001814e-16,0.5,5.00000001814e-16,5.00000001814e-16,5.00000001814e-16,5.00000001814e-16
624,3.33333325719e-16,3.33333325719e-16,3.33333325719e-16,0.333333343267,3.33333325719e-16,0.333333343267,3.33333325719e-16,3.33333325719e-16,3.33333325719e-16,0.333333343267
625,0.20000000298,2.00000003372e-16,2.00000003372e-16,0.20000000298,2.00000003372e-16,0.20000000298,0.20000000298,2.00000003372e-16,0.20000000298,2.00000003372e-16
626,1.00000000363e-15,1.00000000363e-15,1.00000000363e-15,1.0,1.00000000363e-15,1.00000000363e-15,1.00000000363e-15,1.00000000363e-15,1.00000000363e-15,1.00000000363e-15
627,1.00000000363e-15,1.00000000363e-15,1.00000000363e-15,1.0,1.00000000363e-15,1.00000000363e-15,1.00000000363e-15,1.00000000363e-15,1.00000000363e-15,1.00000000363e-15
638,0.333333343267,3.33333325719e-16,3.33333325719e-16,0.333333343267,3.33333325719e-16,0.333333343267,3.33333325719e-16,3.33333325719e-16,3.33333325719e-16,3.33333325719e-16
639,0.5,5.00000001814e-16,5.00000001814e-16,0.5,5.00000001814e-16,5.00000001814e-16,5.00000001814e-16,5.00000001814e-16,5.00000001814e-16,5.00000001814e-16
640,5.00000001814e-16,5.00000001814e-16,5.00000001814e-16,0.5,5.00000001814e-16,5.00000001814e-16,0.5,5.00000001814e-16,5.00000001814e-16,5.00000001814e-16
643,0.333333343267,3.33333325719e-16,3.33333325719e-16,0.333333343267,3.33333325719e-16,0.333333343267,3.33333325719e-16,3.33333325719e-16,3.33333325719e-16,3.33333325719e-16
644,0.5,5.00000001814e-16,5.00000001814e-16,0.5,5.00000001814e-16,5.00000001814e-16,5.00000001814e-16,5.00000001814e-16,5.00000001814e-16,5.00000001814e-16
648,0.333333343267,3.33333325719e-16,3.33333325719e-16,0.333333343267,3.33333325719e-16,3.33333325719e-16,0.333333343267,3.33333325719e-16,3.33333325719e-16,3.33333325719e-16
650,0.5,5.00000001814e-16,5.00000001814e-16,0.5,5.00000001814e-16,5.00000001814e-16,5.00000001814e-16,5.00000001814e-16,5.00000001814e-16,5.00000001814e-16
653,1.00000000363e-15,1.00000000363e-15,1.00000000363e-15,1.0,1.00000000363e-15,1.00000000363e-15,1.00000000363e-15,1.00000000363e-15,1.00000000363e-15,1.00000000363e-15
655,3.33333325719e-16,3.33333325719e-16,3.33333325719e-16,0.333333343267,3.33333325719e-16,0.333333343267,3.33333325719e-16,0.333333343267,3.33333325719e-16,3.33333325719e-16
658,3.33333325719e-16,3.33333325719e-16,3.33333325719e-16,0.333333343267,3.33333325719e-16,0.333333343267,3.33333325719e-16,3.33333325719e-16,0.333333343267,3.33333325719e-16
659,3.33333325719e-16,3.33333325719e-16,3.33333325719e-16,0.333333343267,3.33333325719e-16,0.333333343267,0.333333343267,3.33333325719e-16,3.33333325719e-16,3.33333325719e-16
665,1.00000000363e-15,1.00000000363e-15,1.00000000363e-15,1.0,1.00000000363e-15,1.00000000363e-15,1.00000000363e-15,1.00000000363e-15,1.00000000363e-15,1.00000000363e-15
666,0.333333343267,3.33333325719e-16,3.33333325719e-16,0.333333343267,3.33333325719e-16,0.333333343267,3.33333325719e-16,3.33333325719e-16,3.33333325719e-16,3.33333325719e-16
668,5.00000001814e-16,5.00000001814e-16,5.00000001814e-16,0.5,5.00000001814e-16,0.5,5.00000001814e-16,5.00000001814e-16,5.00000001814e-16,5.00000001814e-16
670,0.5,5.00000001814e-16,5.00000001814e-16,0.5,5.00000001814e-16,5.00000001814e-16,5.00000001814e-16,5.00000001814e-16,5.00000001814e-16,5.00000001814e-16
674,3.33333325719e-16,3.33333325719e-16,3.33333325719e-16,0.333333343267,3.33333325719e-16,0.333333343267,0.333333343267,3.33333325719e-16,3.33333325719e-16,3.33333325719e-16
679,0.333333343267,3.33333325719e-16,3.33333325719e-16,0.333333343267,3.33333325719e-16,3.33333325719e-16,3.33333325719e-16,3.33333325719e-16,0.333333343267,3.33333325719e-16
683,0.5,5.00000001814e-16,5.00000001814e-16,0.5,5.00000001814e-16,5.00000001814e-16,5.00000001814e-16,5.00000001814e-16,5.00000001814e-16,5.00000001814e-16
686,1.00000000363e-15,1.00000000363e-15,1.00000000363e-15,1.0,1.00000000363e-15,1.00000000363e-15,1.00000000363e-15,1.00000000363e-15,1.00000000363e-15,1.00000000363e-15
687,0.25,2.50000000907e-16,2.50000000907e-16,0.25,2.50000000907e-16,0.25,2.50000000907e-16,2.50000000907e-16,2.50000000907e-16,0.25
688,0.5,5.00000001814e-16,5.00000001814e-16,0.5,5.00000001814e-16,5.00000001814e-16,5.00000001814e-16,5.00000001814e-16,5.00000001814e-16,5.00000001814e-16
690,0.5,5.00000001814e-16,5.00000001814e-16,0.5,5.00000001814e-16,5.00000001814e-16,5.00000001814e-16,5.00000001814e-16,5.00000001814e-16,5.00000001814e-16
691,0.25,2.50000000907e-16,2.50000000907e-16,0.25,2.50000000907e-16,2.50000000907e-16,0.25,2.50000000907e-16,2.50000000907e-16,0.25
696,1.00000000363e-15,1.00000000363e-15,1.00000000363e-15,1.0,1.00000000363e-15,1.00000000363e-15,1.00000000363e-15,1.00000000363e-15,1.00000000363e-15,1.00000000363e-15
699,1.00000000363e-15,1.00000000363e-15,1.00000000363e-15,1.0,1.00000000363e-15,1.00000000363e-15,1.00000000363e-15,1.00000000363e-15,1.00000000363e-15,1.00000000363e-15
701,5.00000001814e-16,5.00000001814e-16,5.00000001814e-16,0.5,5.00000001814e-16,0.5,5.00000001814e-16,5.00000001814e-16,5.00000001814e-16,5.00000001814e-16
702,1.00000000363e-15,1.00000000363e-15,1.00000000363e-15,1.0,1.00000000363e-15,1.00000000363e-15,1.00000000363e-15,1.00000000363e-15,1.00000000363e-15,1.00000000363e-15
703,3.33333325719e-16,3.33333325719e-16,3.33333325719e-16,0.333333343267,3.33333325719e-16,0.333333343267,0.333333343267,3.33333325719e-16,3.33333325719e-16,3.33333325719e-16
705,1.00000000363e-15,1.00000000363e-15,1.00000000363e-15,1.0,1.00000000363e-15,1.00000000363e-15,1.00000000363e-15,1.00000000363e-15,1.00000000363e-15,1.00000000363e-15
707,1.00000000363e-15,1.00000000363e-15,1.00000000363e-15,1.0,1.00000000363e-15,1.00000000363e-15,1.00000000363e-15,1.00000000363e-15,1.00000000363e-15,1.00000000363e-15
708,3.33333325719e-16,3.33333325719e-16,3.33333325719e-16,0.333333343267,3.33333325719e-16,0.333333343267,0.333333343267,3.33333325719e-16,3.33333325719e-16,3.33333325719e-16
715,3.33333325719e-16,3.33333325719e-16,3.33333325719e-16,0.333333343267,3.33333325719e-16,3.33333325719e-16,0.333333343267,3.33333325719e-16,0.333333343267,3.33333325719e-16
719,1.00000000363e-15,1.00000000363e-15,1.00000000363e-15,1.0,1.00000000363e-15,1.00000000363e-15,1.00000000363e-15,1.00000000363e-15,1.00000000363e-15,1.00000000363e-15
723,0.25,2.50000000907e-16,2.50000000907e-16,0.25,2.50000000907e-16,0.25,2.50000000907e-16,0.25,2.50000000907e-16,2.50000000907e-16
725,3.33333325719e-16,3.33333325719e-16,3.33333325719e-16,0.333333343267,3.33333325719e-16,0.333333343267,0.333333343267,3.33333325719e-16,3.33333325719e-16,3.33333325719e-16
729,1.00000000363e-15,1.00000000363e-15,1.00000000363e-15,1.0,1.00000000363e-15,1.00000000363e-15,1.00000000363e-15,1.00000000363e-15,1.00000000363e-15,1.00000000363e-15
731,5.00000001814e-16,5.00000001814e-16,5.00000001814e-16,0.5,5.00000001814e-16,5.00000001814e-16,0.5,5.00000001814e-16,5.00000001814e-16,5.00000001814e-16
734,0.333333343267,3.33333325719e-16,3.33333325719e-16,0.333333343267,3.33333325719e-16,0.333333343267,3.33333325719e-16,3.33333325719e-16,3.33333325719e-16,3.33333325719e-16
735,0.333333343267,3.33333325719e-16,3.33333325719e-16,0.333333343267,3.33333325719e-16,0.333333343267,3.33333325719e-16,3.33333325719e-16,3.33333325719e-16,3.33333325719e-16
736,1.00000000363e-15,1.00000000363e-15,1.00000000363e-15,1.0,1.00000000363e-15,1.00000000363e-15,1.00000000363e-15,1.00000000363e-15,1.00000000363e-15,1.00000000363e-15
739,3.33333325719e-16,3.33333325719e-16,3.33333325719e-16,0.333333343267,3.33333325719e-16,0.333333343267,0.333333343267,3.33333325719e-16,3.33333325719e-16,3.33333325719e-16
743,3.33333325719e-16,3.33333325719e-16,3.33333325719e-16,0.333333343267,3.33333325719e-16,0.333333343267,0.333333343267,3.33333325719e-16,3.33333325719e-16,3.33333325719e-16
744,1.00000000363e-15,1.00000000363e-15,1.00000000363e-15,1.0,1.00000000363e-15,1.00000000363e-15,1.00000000363e-15,1.00000000363e-15,1.00000000363e-15,1.00000000363e-15
746,3.33333325719e-16,3.33333325719e-16,3.33333325719e-16,0.333333343267,3.33333325719e-16,0.333333343267,0.333333343267,3.33333325719e-16,3.33333325719e-16,3.33333325719e-16
750,1.00000000363e-15,1.00000000363e-15,1.00000000363e-15,1.0,1.00000000363e-15,1.00000000363e-15,1.00000000363e-15,1.00000000363e-15,1.00000000363e-15,1.00000000363e-15
751,1.00000000363e-15,1.00000000363e-15,1.00000000363e-15,1.0,1.00000000363e-15,1.00000000363e-15,1.00000000363e-15,1.00000000363e-15,1.00000000363e-15,1.00000000363e-15
761,0.25,2.50000000907e-16,2.50000000907e-16,0.25,2.50000000907e-16,0.25,0.25,2.50000000907e-16,2.50000000907e-16,2.50000000907e-16
764,0.5,5.00000001814e-16,5.00000001814e-16,0.5,5.00000001814e-16,5.00000001814e-16,5.00000001814e-16,5.00000001814e-16,5.00000001814e-16,5.00000001814e-16
770,1.00000000363e-15,1.00000000363e-15,1.00000000363e-15,1.0,1.00000000363e-15,1.00000000363e-15,1.00000000363e-15,1.00000000363e-15,1.00000000363e-15,1.00000000363e-15
773,1.00000000363e-15,1.00000000363e-15,1.00000000363e-15,1.0,1.00000000363e-15,1.00000000363e-15,1.00000000363e-15,1.00000000363e-15,1.00000000363e-15,1.00000000363e-15
775,1.00000000363e-15,1.00000000363e-15,1.00000000363e-15,1.0,1.00000000363e-15,1.00000000363e-15,1.00000000363e-15,1.00000000363e-15,1.00000000363e-15,1.00000000363e-15
780,0.333333343267,3.33333325719e-16,3.33333325719e-16,0.333333343267,3.33333325719e-16,0.333333343267,3.33333325719e-16,3.33333325719e-16,3.33333325719e-16,3.33333325719e-16
781,1.00000000363e-15,1.00000000363e-15,1.00000000363e-15,1.0,1.00000000363e-15,1.00000000363e-15,1.00000000363e-15,1.00000000363e-15,1.00000000363e-15,1.00000000363e-15
782,0.5,5.00000001814e-16,5.00000001814e-16,0.5,5.00000001814e-16,5.00000001814e-16,5.00000001814e-16,5.00000001814e-16,5.00000001814e-16,5.00000001814e-16
783,0.25,2.50000000907e-16,2.50000000907e-16,0.25,2.50000000907e-16,0.25,0.25,2.50000000907e-16,2.50000000907e-16,2.50000000907e-16
786,5.00000001814e-16,5.00000001814e-16,5.00000001814e-16,0.5,5.00000001814e-16,0.5,5.00000001814e-16,5.00000001814e-16,5.00000001814e-16,5.00000001814e-16
790,0.25,2.50000000907e-16,2.50000000907e-16,0.25,2.50000000907e-16,0.25,2.50000000907e-16,2.50000000907e-16,2.50000000907e-16,0.25
791,0.25,2.50000000907e-16,2.50000000907e-16,0.25,2.50000000907e-16,0.25,0.25,2.50000000907e-16,2.50000000907e-16,2.50000000907e-16
795,3.33333325719e-16,3.33333325719e-16,3.33333325719e-16,0.333333343267,3.33333325719e-16,0.333333343267,0.333333343267,3.33333325719e-16,3.33333325719e-16,3.33333325719e-16
799,0.5,5.00000001814e-16,5.00000001814e-16,0.5,5.00000001814e-16,5.00000001814e-16,5.00000001814e-16,5.00000001814e-16,5.00000001814e-16,5.00000001814e-16
804,0.333333343267,3.33333325719e-16,3.33333325719e-16,0.333333343267,3.33333325719e-16,3.33333325719e-16,0.333333343267,3.33333325719e-16,3.33333325719e-16,3.33333325719e-16
814,0.333333343267,3.33333325719e-16,3.33333325719e-16,0.333333343267,3.33333325719e-16,3.33333325719e-16,3.33333325719e-16,0.333333343267,3.33333325719e-16,3.33333325719e-16
817,0.5,5.00000001814e-16,5.00000001814e-16,0.5,5.00000001814e-16,5.00000001814e-16,5.00000001814e-16,5.00000001814e-16,5.00000001814e-16,5.00000001814e-16
818,2.50000000907e-16,2.50000000907e-16,2.50000000907e-16,0.25,2.50000000907e-16,0.25,0.25,2.50000000907e-16,0.25,2.50000000907e-16
819,0.5,5.00000001814e-16,5.00000001814e-16,0.5,5.00000001814e-16,5.00000001814e-16,5.00000001814e-16,5.00000001814e-16,5.00000001814e-16,5.00000001814e-16
820,0.25,2.50000000907e-16,2.50000000907e-16,0.25,2.50000000907e-16,0.25,0.25,2.50000000907e-16,2.50000000907e-16,2.50000000907e-16
829,3.33333325719e-16,3.33333325719e-16,3.33333325719e-16,0.333333343267,3.33333325719e-16,0.333333343267,0.333333343267,3.33333325719e-16,3.33333325719e-16,3.33333325719e-16
830,0.333333343267,3.33333325719e-16,3.33333325719e-16,0.333333343267,3.33333325719e-16,3.33333325719e-16,3.33333325719e-16,3.33333325719e-16,0.333333343267,3.33333325719e-16
832,1.00000000363e-15,1.00000000363e-15,1.00000000363e-15,1.0,1.00000000363e-15,1.00000000363e-15,1.00000000363e-15,1.00000000363e-15,1.00000000363e-15,1.00000000363e-15
833,0.5,5.00000001814e-16,5.00000001814e-16,0.5,5.00000001814e-16,5.00000001814e-16,5.00000001814e-16,5.00000001814e-16,5.00000001814e-16,5.00000001814e-16
834,5.00000001814e-16,5.00000001814e-16,5.00000001814e-16,0.5,5.00000001814e-16,5.00000001814e-16,5.00000001814e-16,5.00000001814e-16,5.00000001814e-16,0.5
835,1.00000000363e-15,1.00000000363e-15,1.00000000363e-15,1.0,1.00000000363e-15,1.00000000363e-15,1.00000000363e-15,1.00000000363e-15,1.00000000363e-15,1.00000000363e-15
836,0.5,5.00000001814e-16,5.00000001814e-16,0.5,5.00000001814e-16,5.00000001814e-16,5.00000001814e-16,5.00000001814e-16,5.00000001814e-16,5.00000001814e-16
842,0.333333343267,3.33333325719e-16,3.33333325719e-16,0.333333343267,3.33333325719e-16,0.333333343267,3.33333325719e-16,3.33333325719e-16,3.33333325719e-16,3.33333325719e-16
843,5.00000001814e-16,5.00000001814e-16,5.00000001814e-16,0.5,5.00000001814e-16,0.5,5.00000001814e-16,5.00000001814e-16,5.00000001814e-16,5.00000001814e-16
845,3.33333325719e-16,3.33333325719e-16,3.33333325719e-16,0.333333343267,3.33333325719e-16,0.333333343267,0.333333343267,3.33333325719e-16,3.33333325719e-16,3.33333325719e-16
846,1.00000000363e-15,1.00000000363e-15,1.00000000363e-15,1.0,1.00000000363e-15,1.00000000363e-15,1.00000000363e-15,1.00000000363e-15,1.00000000363e-15,1.00000000363e-15
857,5.00000001814e-16,5.00000001814e-16,5.00000001814e-16,0.5,5.00000001814e-16,0.5,5.00000001814e-16,5.00000001814e-16,5.00000001814e-16,5.00000001814e-16
872,0.25,2.50000000907e-16,2.50000000907e-16,0.25,2.50000000907e-16,0.25,0.25,2.50000000907e-16,2.50000000907e-16,2.50000000907e-16
880,0.25,2.50000000907e-16,2.50000000907e-16,0.25,2.50000000907e-16,2.50000000907e-16,0.25,2.50000000907e-16,2.50000000907e-16,0.25
884,1.00000000363e-15,1.00000000363e-15,1.00000000363e-15,1.0,1.00000000363e-15,1.00000000363e-15,1.00000000363e-15,1.00000000363e-15,1.00000000363e-15,1.00000000363e-15
887,0.333333343267,3.33333325719e-16,3.33333325719e-16,0.333333343267,3.33333325719e-16,0.333333343267,3.33333325719e-16,3.33333325719e-16,3.33333325719e-16,3.33333325719e-16
888,5.00000001814e-16,5.00000001814e-16,5.00000001814e-16,0.5,5.00000001814e-16,5.00000001814e-16,5.00000001814e-16,5.00000001814e-16,0.5,5.00000001814e-16
889,1.00000000363e-15,1.00000000363e-15,1.00000000363e-15,1.0,1.00000000363e-15,1.00000000363e-15,1.00000000363e-15,1.00000000363e-15,1.00000000363e-15,1.00000000363e-15
890,5.00000001814e-16,5.00000001814e-16,5.00000001814e-16,0.5,5.00000001814e-16,5.00000001814e-16,5.00000001814e-16,5.00000001814e-16,0.5,5.00000001814e-16
891,1.00000000363e-15,1.00000000363e-15,1.00000000363e-15,1.0,1.00000000363e-15,1.00000000363e-15,1.00000000363e-15,1.00000000363e-15,1.00000000363e-15,1.00000000363e-15
895,1.00000000363e-15,1.00000000363e-15,1.00000000363e-15,1.0,1.00000000363e-15,1.00000000363e-15,1.00000000363e-15,1.00000000363e-15,1.00000000363e-15,1.00000000363e-15
902,0.5,5.00000001814e-16,5.00000001814e-16,0.5,5.00000001814e-16,5.00000001814e-16,5.00000001814e-16,5.00000001814e-16,5.00000001814e-16,5.00000001814e-16
903,1.00000000363e-15,1.00000000363e-15,1.00000000363e-15,1.0,1.00000000363e-15,1.00000000363e-15,1.00000000363e-15,1.00000000363e-15,1.00000000363e-15,1.00000000363e-15
905,1.00000000363e-15,1.00000000363e-15,1.00000000363e-15,1.0,1.00000000363e-15,1.00000000363e-15,1.00000000363e-15,1.00000000363e-15,1.00000000363e-15,1.00000000363e-15
909,5.00000001814e-16,5.00000001814e-16,5.00000001814e-16,0.5,5.00000001814e-16,5.00000001814e-16,0.5,5.00000001814e-16,5.00000001814e-16,5.00000001814e-16
913,5.00000001814e-16,5.00000001814e-16,5.00000001814e-16,0.5,5.00000001814e-16,5.00000001814e-16,0.5,5.00000001814e-16,5.00000001814e-16,5.00000001814e-16
921,0.25,2.50000000907e-16,2.50000000907e-16,0.25,2.50000000907e-16,0.25,0.25,2.50000000907e-16,2.50000000907e-16,2.50000000907e-16
922,5.00000001814e-16,5.00000001814e-16,5.00000001814e-16,0.5,5.00000001814e-16,0.5,5.00000001814e-16,5.00000001814e-16,5.00000001814e-16,5.00000001814e-16
925,0.5,5.00000001814e-16,5.00000001814e-16,0.5,5.00000001814e-16,5.00000001814e-16,5.00000001814e-16,5.00000001814e-16,5.00000001814e-16,5.00000001814e-16
929,5.00000001814e-16,5.00000001814e-16,5.00000001814e-16,0.5,5.00000001814e-16,5.00000001814e-16,5.00000001814e-16,5.00000001814e-16,0.5,5.00000001814e-16
930,0.333333343267,3.33333325719e-16,3.33333325719e-16,0.333333343267,3.33333325719e-16,3.33333325719e-16,0.333333343267,3.33333325719e-16,3.33333325719e-16,3.33333325719e-16
935,0.333333343267,3.33333325719e-16,3.33333325719e-16,0.333333343267,3.33333325719e-16,3.33333325719e-16,0.333333343267,3.33333325719e-16,3.33333325719e-16,3.33333325719e-16
940,5.00000001814e-16,5.00000001814e-16,5.00000001814e-16,0.5,5.00000001814e-16,0.5,5.00000001814e-16,5.00000001814e-16,5.00000001814e-16,5.00000001814e-16
941,1.00000000363e-15,1.00000000363e-15,1.00000000363e-15,1.0,1.00000000363e-15,1.00000000363e-15,1.00000000363e-15,1.00000000363e-15,1.00000000363e-15,1.00000000363e-15
943,5.00000001814e-16,5.00000001814e-16,5.00000001814e-16,0.5,5.00000001814e-16,5.00000001814e-16,0.5,5.00000001814e-16,5.00000001814e-16,5.00000001814e-16
945,5.00000001814e-16,5.00000001814e-16,5.00000001814e-16,0.5,5.00000001814e-16,5.00000001814e-16,0.5,5.00000001814e-16,5.00000001814e-16,5.00000001814e-16
946,5.00000001814e-16,5.00000001814e-16,5.00000001814e-16,0.5,5.00000001814e-16,5.00000001814e-16,5.00000001814e-16,5.00000001814e-16,5.00000001814e-16,0.5
947,0.5,5.00000001814e-16,5.00000001814e-16,0.5,5.00000001814e-16,5.00000001814e-16,5.00000001814e-16,5.00000001814e-16,5.00000001814e-16,5.00000001814e-16
950,5.00000001814e-16,5.00000001814e-16,5.00000001814e-16,0.5,5.00000001814e-16,5.00000001814e-16,5.00000001814e-16,5.00000001814e-16,5.00000001814e-16,0.5
953,3.33333325719e-16,3.33333325719e-16,3.33333325719e-16,0.333333343267,3.33333325719e-16,0.333333343267,0.333333343267,3.33333325719e-16,3.33333325719e-16,3.33333325719e-16
957,5.00000001814e-16,5.00000001814e-16,5.00000001814e-16,0.5,5.00000001814e-16,5.00000001814e-16,5.00000001814e-16,0.5,5.00000001814e-16,5.00000001814e-16
964,5.00000001814e-16,5.00000001814e-16,5.00000001814e-16,0.5,5.00000001814e-16,5.00000001814e-16,0.5,5.00000001814e-16,5.00000001814e-16,5.00000001814e-16
965,5.00000001814e-16,5.00000001814e-16,5.00000001814e-16,0.5,5.00000001814e-16,5.00000001814e-16,5.00000001814e-16,5.00000001814e-16,5.00000001814e-16,0.5
967,5.00000001814e-16,5.00000001814e-16,5.00000001814e-16,0.5,5.00000001814e-16,0.5,5.00000001814e-16,5.00000001814e-16,5.00000001814e-16,5.00000001814e-16
973,2.50000000907e-16,2.50000000907e-16,2.50000000907e-16,0.25,2.50000000907e-16,0.25,0.25,2.50000000907e-16,0.25,2.50000000907e-16
974,0.333333343267,3.33333325719e-16,3.33333325719e-16,0.333333343267,3.33333325719e-16,3.33333325719e-16,3.33333325719e-16,3.33333325719e-16,3.33333325719e-16,0.333333343267
977,5.00000001814e-16,5.00000001814e-16,5.00000001814e-16,0.5,5.00000001814e-16,5.00000001814e-16,5.00000001814e-16,5.00000001814e-16,5.00000001814e-16,0.5
980,0.333333343267,3.33333325719e-16,3.33333325719e-16,0.333333343267,3.33333325719e-16,3.33333325719e-16,0.333333343267,3.33333325719e-16,3.33333325719e-16,3.33333325719e-16
982,1.00000000363e-15,1.00000000363e-15,1.00000000363e-15,1.0,1.00000000363e-15,1.00000000363e-15,1.00000000363e-15,1.00000000363e-15,1.00000000363e-15,1.00000000363e-15
984,5.00000001814e-16,5.00000001814e-16,5.00000001814e-16,0.5,5.00000001814e-16,0.5,5.00000001814e-16,5.00000001814e-16,5.00000001814e-16,5.00000001814e-16
986,1.00000000363e-15,1.00000000363e-15,1.00000000363e-15,1.0,1.00000000363e-15,1.00000000363e-15,1.00000000363e-15,1.00000000363e-15,1.00000000363e-15,1.00000000363e-15
988,5.00000001814e-16,5.00000001814e-16,5.00000001814e-16,0.5,5.00000001814e-16,0.5,5.00000001814e-16,5.00000001814e-16,5.00000001814e-16,5.00000001814e-16
991,5.00000001814e-16,5.00000001814e-16,5.00000001814e-16,0.5,5.00000001814e-16,0.5,5.00000001814e-16,5.00000001814e-16,5.00000001814e-16,5.00000001814e-16
997,5.00000001814e-16,0.5,5.00000001814e-16,0.5,5.00000001814e-16,5.00000001814e-16,5.00000001814e-16,5.00000001814e-16,5.00000001814e-16,5.00000001814e-16
998,0.5,5.00000001814e-16,5.00000001814e-16,0.5,5.00000001814e-16,5.00000001814e-16,5.00000001814e-16,5.00000001814e-16,5.00000001814e-16,5.00000001814e-16
1008,0.333333343267,3.33333325719e-16,3.33333325719e-16,0.333333343267,3.33333325719e-16,3.33333325719e-16,0.333333343267,3.33333325719e-16,3.33333325719e-16,3.33333325719e-16
1009,5.00000001814e-16,5.00000001814e-16,5.00000001814e-16,0.5,5.00000001814e-16,0.5,5.00000001814e-16,5.00000001814e-16,5.00000001814e-16,5.00000001814e-16
1012,0.333333343267,3.33333325719e-16,3.33333325719e-16,0.333333343267,3.33333325719e-16,3.33333325719e-16,0.333333343267,3.33333325719e-16,3.33333325719e-16,3.33333325719e-16
1015,5.00000001814e-16,5.00000001814e-16,5.00000001814e-16,0.5,5.00000001814e-16,5.00000001814e-16,5.00000001814e-16,5.00000001814e-16,0.5,5.00000001814e-16
1018,0.333333343267,3.33333325719e-16,3.33333325719e-16,0.333333343267,3.33333325719e-16,0.333333343267,3.33333325719e-16,3.33333325719e-16,3.33333325719e-16,3.33333325719e-16
1020,0.5,5.00000001814e-16,5.00000001814e-16,0.5,5.00000001814e-16,5.00000001814e-16,5.00000001814e-16,5.00000001814e-16,5.00000001814e-16,5.00000001814e-16
1022,1.00000000363e-15,1.00000000363e-15,1.00000000363e-15,1.0,1.00000000363e-15,1.00000000363e-15,1.00000000363e-15,1.00000000363e-15,1.00000000363e-15,1.00000000363e-15
1026,3.33333325719e-16,3.33333325719e-16,3.33333325719e-16,0.333333343267,3.33333325719e-16,0.333333343267,3.33333325719e-16,0.333333343267,3.33333325719e-16,3.33333325719e-16
1028,0.5,5.00000001814e-16,5.00000001814e-16,0.5,5.00000001814e-16,5.00000001814e-16,5.00000001814e-16,5.00000001814e-16,5.00000001814e-16,5.00000001814e-16
1029,5.00000001814e-16,5.00000001814e-16,5.00000001814e-16,0.5,5.00000001814e-16,5.00000001814e-16,0.5,5.00000001814e-16,5.00000001814e-16,5.00000001814e-16
1033,5.00000001814e-16,5.00000001814e-16,5.00000001814e-16,0.5,5.00000001814e-16,0.5,5.00000001814e-16,5.00000001814e-16,5.00000001814e-16,5.00000001814e-16
1035,5.00000001814e-16,5.00000001814e-16,5.00000001814e-16,0.5,5.00000001814e-16,5.00000001814e-16,5.00000001814e-16,5.00000001814e-16,0.5,5.00000001814e-16
1038,0.333333343267,3.33333325719e-16,3.33333325719e-16,0.333333343267,3.33333325719e-16,3.33333325719e-16,3.33333325719e-16,3.33333325719e-16,0.333333343267,3.33333325719e-16
1043,5.00000001814e-16,5.00000001814e-16,5.00000001814e-16,0.5,5.00000001814e-16,0.5,5.00000001814e-16,5.00000001814e-16,5.00000001814e-16,5.00000001814e-16
1044,3.33333325719e-16,3.33333325719e-16,3.33333325719e-16,0.333333343267,3.33333325719e-16,0.333333343267,0.333333343267,3.33333325719e-16,3.33333325719e-16,3.33333325719e-16
1045,1.00000000363e-15,1.00000000363e-15,1.00000000363e-15,1.0,1.00000000363e-15,1.00000000363e-15,1.00000000363e-15,1.00000000363e-15,1.00000000363e-15,1.00000000363e-15
1047,0.25,2.50000000907e-16,2.50000000907e-16,0.25,2.50000000907e-16,0.25,0.25,2.50000000907e-16,2.50000000907e-16,2.50000000907e-16
1050,0.5,5.00000001814e-16,5.00000001814e-16,0.5,5.00000001814e-16,5.00000001814e-16,5.00000001814e-16,5.00000001814e-16,5.00000001814e-16,5.00000001814e-16
1053,0.25,2.50000000907e-16,2.50000000907e-16,0.25,2.50000000907e-16,0.25,0.25,2.50000000907e-16,2.50000000907e-16,2.50000000907e-16
1054,1.00000000363e-15,1.00000000363e-15,1.00000000363e-15,1.0,1.00000000363e-15,1.00000000363e-15,1.00000000363e-15,1.00000000363e-15,1.00000000363e-15,1.00000000363e-15
1055,5.00000001814e-16,5.00000001814e-16,5.00000001814e-16,0.5,5.00000001814e-16,0.5,5.00000001814e-16,5.00000001814e-16,5.00000001814e-16,5.00000001814e-16
1057,0.333333343267,3.33333325719e-16,3.33333325719e-16,0.333333343267,3.33333325719e-16,0.333333343267,3.33333325719e-16,3.33333325719e-16,3.33333325719e-16,3.33333325719e-16
1058,1.00000000363e-15,1.00000000363e-15,1.00000000363e-15,1.0,1.00000000363e-15,1.00000000363e-15,1.00000000363e-15,1.00000000363e-15,1.00000000363e-15,1.00000000363e-15
1060,3.33333325719e-16,3.33333325719e-16,3.33333325719e-16,0.333333343267,3.33333325719e-16,3.33333325719e-16,3.33333325719e-16,0.333333343267,3.33333325719e-16,0.333333343267
1063,0.5,5.00000001814e-16,5.00000001814e-16,0.5,5.00000001814e-16,5.00000001814e-16,5.00000001814e-16,5.00000001814e-16,5.00000001814e-16,5.00000001814e-16
1064,3.33333325719e-16,3.33333325719e-16,3.33333325719e-16,0.333333343267,3.33333325719e-16,0.333333343267,0.333333343267,3.33333325719e-16,3.33333325719e-16,3.33333325719e-16
1067,3.33333325719e-16,3.33333325719e-16,3.33333325719e-16,0.333333343267,3.33333325719e-16,0.333333343267,0.333333343267,3.33333325719e-16,3.33333325719e-16,3.33333325719e-16
1068,3.33333325719e-16,3.33333325719e-16,3.33333325719e-16,0.333333343267,3.33333325719e-16,0.333333343267,0.333333343267,3.33333325719e-16,3.33333325719e-16,3.33333325719e-16
1069,0.333333343267,3.33333325719e-16,3.33333325719e-16,0.333333343267,3.33333325719e-16,3.33333325719e-16,0.333333343267,3.33333325719e-16,3.33333325719e-16,3.33333325719e-16
1070,3.33333325719e-16,3.33333325719e-16,3.33333325719e-16,0.333333343267,3.33333325719e-16,0.333333343267,3.33333325719e-16,3.33333325719e-16,3.33333325719e-16,0.333333343267
1071,1.00000000363e-15,1.00000000363e-15,1.00000000363e-15,1.0,1.00000000363e-15,1.00000000363e-15,1.00000000363e-15,1.00000000363e-15,1.00000000363e-15,1.00000000363e-15
1074,3.33333325719e-16,3.33333325719e-16,3.33333325719e-16,0.333333343267,3.33333325719e-16,3.33333325719e-16,0.333333343267,3.33333325719e-16,0.333333343267,3.33333325719e-16
1075,5.00000001814e-16,5.00000001814e-16,5.00000001814e-16,0.5,5.00000001814e-16,5.00000001814e-16,0.5,5.00000001814e-16,5.00000001814e-16,5.00000001814e-16
1078,1.00000000363e-15,1.00000000363e-15,1.00000000363e-15,1.0,1.00000000363e-15,1.00000000363e-15,1.00000000363e-15,1.00000000363e-15,1.00000000363e-15,1.00000000363e-15
1079,1.00000000363e-15,1.00000000363e-15,1.00000000363e-15,1.0,1.00000000363e-15,1.00000000363e-15,1.00000000363e-15,1.00000000363e-15,1.00000000363e-15,1.00000000363e-15
1082,1.00000000363e-15,1.00000000363e-15,1.00000000363e-15,1.0,1.00000000363e-15,1.00000000363e-15,1.00000000363e-15,1.00000000363e-15,1.00000000363e-15,1.00000000363e-15
1084,3.33333325719e-16,3.33333325719e-16,3.33333325719e-16,0.333333343267,3.33333325719e-16,0.333333343267,0.333333343267,3.33333325719e-16,3.33333325719e-16,3.33333325719e-16
1086,0.25,2.50000000907e-16,2.50000000907e-16,0.25,2.50000000907e-16,0.25,0.25,2.50000000907e-16,2.50000000907e-16,2.50000000907e-16
1091,0.333333343267,3.33333325719e-16,3.33333325719e-16,0.333333343267,3.33333325719e-16,0.333333343267,3.33333325719e-16,3.33333325719e-16,3.33333325719e-16,3.33333325719e-16
1092,0.5,5.00000001814e-16,5.00000001814e-16,0.5,5.00000001814e-16,5.00000001814e-16,5.00000001814e-16,5.00000001814e-16,5.00000001814e-16,5.00000001814e-16
1099,0.25,2.50000000907e-16,2.50000000907e-16,0.25,2.50000000907e-16,0.25,0.25,2.50000000907e-16,2.50000000907e-16,2.50000000907e-16
1102,0.5,5.00000001814e-16,5.00000001814e-16,0.5,5.00000001814e-16,5.00000001814e-16,5.00000001814e-16,5.00000001814e-16,5.00000001814e-16,5.00000001814e-16
1103,1.00000000363e-15,1.00000000363e-15,1.00000000363e-15,1.0,1.00000000363e-15,1.00000000363e-15,1.00000000363e-15,1.00000000363e-15,1.00000000363e-15,1.00000000363e-15
1104,5.00000001814e-16,5.00000001814e-16,5.00000001814e-16,0.5,5.00000001814e-16,5.00000001814e-16,0.5,5.00000001814e-16,5.00000001814e-16,5.00000001814e-16
1105,1.00000000363e-15,1.00000000363e-15,1.00000000363e-15,1.0,1.00000000363e-15,1.00000000363e-15,1.00000000363e-15,1.00000000363e-15,1.00000000363e-15,1.00000000363e-15
1106,0.5,5.00000001814e-16,5.00000001814e-16,0.5,5.00000001814e-16,5.00000001814e-16,5.00000001814e-16,5.00000001814e-16,5.00000001814e-16,5.00000001814e-16
1107,1.00000000363e-15,1.00000000363e-15,1.00000000363e-15,1.0,1.00000000363e-15,1.00000000363e-15,1.00000000363e-15,1.00000000363e-15,1.00000000363e-15,1.00000000363e-15
1108,0.5,5.00000001814e-16,5.00000001814e-16,0.5,5.00000001814e-16,5.00000001814e-16,5.00000001814e-16,5.00000001814e-16,5.00000001814e-16,5.00000001814e-16
1109,3.33333325719e-16,3.33333325719e-16,3.33333325719e-16,0.333333343267,3.33333325719e-16,3.33333325719e-16,3.33333325719e-16,0.333333343267,3.33333325719e-16,0.333333343267
1111,1.00000000363e-15,1.00000000363e-15,1.00000000363e-15,1.0,1.00000000363e-15,1.00000000363e-15,1.00000000363e-15,1.00000000363e-15,1.00000000363e-15,1.00000000363e-15
1114,5.00000001814e-16,5.00000001814e-16,5.00000001814e-16,0.5,5.00000001814e-16,5.00000001814e-16,0.5,5.00000001814e-16,5.00000001814e-16,5.00000001814e-16
1115,3.33333325719e-16,3.33333325719e-16,3.33333325719e-16,0.333333343267,3.33333325719e-16,0.333333343267,0.333333343267,3.33333325719e-16,3.33333325719e-16,3.33333325719e-16
1116,0.333333343267,3.33333325719e-16,3.33333325719e-16,0.333333343267,3.33333325719e-16,3.33333325719e-16,0.333333343267,3.33333325719e-16,3.33333325719e-16,3.33333325719e-16
1122,0.5,5.00000001814e-16,5.00000001814e-16,0.5,5.00000001814e-16,5.00000001814e-16,5.00000001814e-16,5.00000001814e-16,5.00000001814e-16,5.00000001814e-16
1126,5.00000001814e-16,5.00000001814e-16,5.00000001814e-16,0.5,5.00000001814e-16,5.00000001814e-16,0.5,5.00000001814e-16,5.00000001814e-16,5.00000001814e-16
1127,0.333333343267,3.33333325719e-16,3.33333325719e-16,0.333333343267,3.33333325719e-16,3.33333325719e-16,0.333333343267,3.33333325719e-16,3.33333325719e-16,3.33333325719e-16
1129,0.25,2.50000000907e-16,2.50000000907e-16,0.25,2.50000000907e-16,0.25,2.50000000907e-16,0.25,2.50000000907e-16,2.50000000907e-16
1133,5.00000001814e-16,5.00000001814e-16,5.00000001814e-16,0.5,5.00000001814e-16,5.00000001814e-16,5.00000001814e-16,5.00000001814e-16,5.00000001814e-16,0.5
1137,5.00000001814e-16,5.00000001814e-16,5.00000001814e-16,0.5,5.00000001814e-16,5.00000001814e-16,5.00000001814e-16,5.00000001814e-16,0.5,5.00000001814e-16
1138,1.00000000363e-15,1.00000000363e-15,1.00000000363e-15,1.0,1.00000000363e-15,1.00000000363e-15,1.00000000363e-15,1.00000000363e-15,1.00000000363e-15,1.00000000363e-15
1139,0.333333343267,3.33333325719e-16,3.33333325719e-16,0.333333343267,3.33333325719e-16,3.33333325719e-16,0.333333343267,3.33333325719e-16,3.33333325719e-16,3.33333325719e-16
1140,1.00000000363e-15,1.00000000363e-15,1.00000000363e-15,1.0,1.00000000363e-15,1.00000000363e-15,1.00000000363e-15,1.00000000363e-15,1.00000000363e-15,1.00000000363e-15
1141,1.00000000363e-15,1.00000000363e-15,1.00000000363e-15,1.0,1.00000000363e-15,1.00000000363e-15,1.00000000363e-15,1.00000000363e-15,1.00000000363e-15,1.00000000363e-15
1143,0.333333343267,3.33333325719e-16,3.33333325719e-16,0.333333343267,3.33333325719e-16,3.33333325719e-16,0.333333343267,3.33333325719e-16,3.33333325719e-16,3.33333325719e-16
1146,1.00000000363e-15,1.00000000363e-15,1.00000000363e-15,1.0,1.00000000363e-15,1.00000000363e-15,1.00000000363e-15,1.00000000363e-15,1.00000000363e-15,1.00000000363e-15
1149,5.00000001814e-16,5.00000001814e-16,5.00000001814e-16,0.5,5.00000001814e-16,5.00000001814e-16,5.00000001814e-16,5.00000001814e-16,0.5,5.00000001814e-16
1150,1.00000000363e-15,1.00000000363e-15,1.00000000363e-15,1.0,1.00000000363e-15,1.00000000363e-15,1.00000000363e-15,1.00000000363e-15,1.00000000363e-15,1.00000000363e-15
1151,3.33333325719e-16,3.33333325719e-16,3.33333325719e-16,0.333333343267,3.33333325719e-16,3.33333325719e-16,3.33333325719e-16,3.33333325719e-16,0.333333343267,0.333333343267
1155,1.00000000363e-15,1.00000000363e-15,1.00000000363e-15,1.0,1.00000000363e-15,1.00000000363e-15,1.00000000363e-15,1.00000000363e-15,1.00000000363e-15,1.00000000363e-15
1158,1.00000000363e-15,1.00000000363e-15,1.00000000363e-15,1.0,1.00000000363e-15,1.00000000363e-15,1.00000000363e-15,1.00000000363e-15,1.00000000363e-15,1.00000000363e-15
1161,1.00000000363e-15,1.00000000363e-15,1.00000000363e-15,1.0,1.00000000363e-15,1.00000000363e-15,1.00000000363e-15,1.00000000363e-15,1.00000000363e-15,1.00000000363e-15
1162,5.00000001814e-16,5.00000001814e-16,5.00000001814e-16,0.5,5.00000001814e-16,5.00000001814e-16,0.5,5.00000001814e-16,5.00000001814e-16,5.00000001814e-16
1164,0.333333343267,3.33333325719e-16,3.33333325719e-16,0.333333343267,3.33333325719e-16,3.33333325719e-16,0.333333343267,3.33333325719e-16,3.33333325719e-16,3.33333325719e-16
1177,3.33333325719e-16,3.33333325719e-16,3.33333325719e-16,0.333333343267,3.33333325719e-16,0.333333343267,0.333333343267,3.33333325719e-16,3.33333325719e-16,3.33333325719e-16
1178,5.00000001814e-16,5.00000001814e-16,5.00000001814e-16,0.5,5.00000001814e-16,0.5,5.00000001814e-16,5.00000001814e-16,5.00000001814e-16,5.00000001814e-16
1181,0.333333343267,3.33333325719e-16,3.33333325719e-16,0.333333343267,3.33333325719e-16,0.333333343267,3.33333325719e-16,3.33333325719e-16,3.33333325719e-16,3.33333325719e-16
1183,0.5,5.00000001814e-16,5.00000001814e-16,0.5,5.00000001814e-16,5.00000001814e-16,5.00000001814e-16,5.00000001814e-16,5.00000001814e-16,5.00000001814e-16
1185,0.333333343267,3.33333325719e-16,3.33333325719e-16,0.333333343267,3.33333325719e-16,0.333333343267,3.33333325719e-16,3.33333325719e-16,3.33333325719e-16,3.33333325719e-16
1188,3.33333325719e-16,3.33333325719e-16,3.33333325719e-16,0.333333343267,3.33333325719e-16,0.333333343267,0.333333343267,3.33333325719e-16,3.33333325719e-16,3.33333325719e-16
1189,0.333333343267,3.33333325719e-16,3.33333325719e-16,0.333333343267,3.33333325719e-16,0.333333343267,3.33333325719e-16,3.33333325719e-16,3.33333325719e-16,3.33333325719e-16
1190,0.5,5.00000001814e-16,5.00000001814e-16,0.5,5.00000001814e-16,5.00000001814e-16,5.00000001814e-16,5.00000001814e-16,5.00000001814e-16,5.00000001814e-16
1191,0.333333343267,3.33333325719e-16,3.33333325719e-16,0.333333343267,3.33333325719e-16,0.333333343267,3.33333325719e-16,3.33333325719e-16,3.33333325719e-16,3.33333325719e-16
1192,0.25,2.50000000907e-16,2.50000000907e-16,0.25,2.50000000907e-16,2.50000000907e-16,0.25,2.50000000907e-16,2.50000000907e-16,0.25
1193,5.00000001814e-16,5.00000001814e-16,5.00000001814e-16,0.5,5.00000001814e-16,0.5,5.00000001814e-16,5.00000001814e-16,5.00000001814e-16,5.00000001814e-16
1195,0.333333343267,3.33333325719e-16,3.33333325719e-16,0.333333343267,3.33333325719e-16,3.33333325719e-16,0.333333343267,3.33333325719e-16,3.33333325719e-16,3.33333325719e-16
1199,0.333333343267,3.33333325719e-16,3.33333325719e-16,0.333333343267,3.33333325719e-16,0.333333343267,3.33333325719e-16,3.33333325719e-16,3.33333325719e-16,3.33333325719e-16
1203,5.00000001814e-16,5.00000001814e-16,5.00000001814e-16,0.5,5.00000001814e-16,5.00000001814e-16,0.5,5.00000001814e-16,5.00000001814e-16,5.00000001814e-16
1204,1.00000000363e-15,1.00000000363e-15,1.00000000363e-15,1.0,1.00000000363e-15,1.00000000363e-15,1.00000000363e-15,1.00000000363e-15,1.00000000363e-15,1.00000000363e-15
1207,0.5,5.00000001814e-16,5.00000001814e-16,0.5,5.00000001814e-16,5.00000001814e-16,5.00000001814e-16,5.00000001814e-16,5.00000001814e-16,5.00000001814e-16
1209,1.00000000363e-15,1.00000000363e-15,1.00000000363e-15,1.0,1.00000000363e-15,1.00000000363e-15,1.00000000363e-15,1.00000000363e-15,1.00000000363e-15,1.00000000363e-15
1212,5.00000001814e-16,5.00000001814e-16,5.00000001814e-16,0.5,5.00000001814e-16,0.5,5.00000001814e-16,5.00000001814e-16,5.00000001814e-16,5.00000001814e-16
1214,0.5,5.00000001814e-16,5.00000001814e-16,0.5,5.00000001814e-16,5.00000001814e-16,5.00000001814e-16,5.00000001814e-16,5.00000001814e-16,5.00000001814e-16
1215,2.50000000907e-16,2.50000000907e-16,2.50000000907e-16,0.25,2.50000000907e-16,2.50000000907e-16,0.25,0.25,2.50000000907e-16,0.25
1224,5.00000001814e-16,5.00000001814e-16,5.00000001814e-16,0.5,5.00000001814e-16,0.5,5.00000001814e-16,5.00000001814e-16,5.00000001814e-16,5.00000001814e-16
1227,1.00000000363e-15,1.00000000363e-15,1.00000000363e-15,1.0,1.00000000363e-15,1.00000000363e-15,1.00000000363e-15,1.00000000363e-15,1.00000000363e-15,1.00000000363e-15
1230,3.33333325719e-16,3.33333325719e-16,3.33333325719e-16,0.333333343267,3.33333325719e-16,3.33333325719e-16,0.333333343267,3.33333325719e-16,3.33333325719e-16,0.333333343267
1233,0.333333343267,3.33333325719e-16,3.33333325719e-16,0.333333343267,3.33333325719e-16,3.33333325719e-16,3.33333325719e-16,3.33333325719e-16,3.33333325719e-16,0.333333343267
1234,5.00000001814e-16,5.00000001814e-16,5.00000001814e-16,0.5,5.00000001814e-16,0.5,5.00000001814e-16,5.00000001814e-16,5.00000001814e-16,5.00000001814e-16
1237,1.00000000363e-15,1.00000000363e-15,1.00000000363e-15,1.0,1.00000000363e-15,1.00000000363e-15,1.00000000363e-15,1.00000000363e-15,1.00000000363e-15,1.00000000363e-15
1241,0.333333343267,3.33333325719e-16,3.33333325719e-16,0.333333343267,3.33333325719e-16,3.33333325719e-16,0.333333343267,3.33333325719e-16,3.33333325719e-16,3.33333325719e-16
1246,3.33333325719e-16,3.33333325719e-16,3.33333325719e-16,0.333333343267,3.33333325719e-16,0.333333343267,0.333333343267,3.33333325719e-16,3.33333325719e-16,3.33333325719e-16
1247,0.5,5.00000001814e-16,5.00000001814e-16,0.5,5.00000001814e-16,5.00000001814e-16,5.00000001814e-16,5.00000001814e-16,5.00000001814e-16,5.00000001814e-16
1248,5.00000001814e-16,5.00000001814e-16,5.00000001814e-16,0.5,5.00000001814e-16,5.00000001814e-16,0.5,5.00000001814e-16,5.00000001814e-16,5.00000001814e-16
1252,0.25,2.50000000907e-16,2.50000000907e-16,0.25,2.50000000907e-16,0.25,0.25,2.50000000907e-16,2.50000000907e-16,2.50000000907e-16
1259,0.25,2.50000000907e-16,2.50000000907e-16,0.25,2.50000000907e-16,0.25,0.25,2.50000000907e-16,2.50000000907e-16,2.50000000907e-16
1260,1.00000000363e-15,1.00000000363e-15,1.00000000363e-15,1.0,1.00000000363e-15,1.00000000363e-15,1.00000000363e-15,1.00000000363e-15,1.00000000363e-15,1.00000000363e-15
1261,1.00000000363e-15,1.00000000363e-15,1.00000000363e-15,1.0,1.00000000363e-15,1.00000000363e-15,1.00000000363e-15,1.00000000363e-15,1.00000000363e-15,1.00000000363e-15
1264,0.333333343267,3.33333325719e-16,3.33333325719e-16,0.333333343267,3.33333325719e-16,3.33333325719e-16,3.33333325719e-16,3.33333325719e-16,0.333333343267,3.33333325719e-16
1266,0.333333343267,3.33333325719e-16,3.33333325719e-16,0.333333343267,3.33333325719e-16,3.33333325719e-16,0.333333343267,3.33333325719e-16,3.33333325719e-16,3.33333325719e-16
1267,3.33333325719e-16,3.33333325719e-16,3.33333325719e-16,0.333333343267,3.33333325719e-16,0.333333343267,0.333333343267,3.33333325719e-16,3.33333325719e-16,3.33333325719e-16
1272,1.00000000363e-15,1.00000000363e-15,1.00000000363e-15,1.0,1.00000000363e-15,1.00000000363e-15,1.00000000363e-15,1.00000000363e-15,1.00000000363e-15,1.00000000363e-15
1274,0.25,2.50000000907e-16,2.50000000907e-16,0.25,2.50000000907e-16,0.25,0.25,2.50000000907e-16,2.50000000907e-16,2.50000000907e-16
1279,1.00000000363e-15,1.00000000363e-15,1.00000000363e-15,1.0,1.00000000363e-15,1.00000000363e-15,1.00000000363e-15,1.00000000363e-15,1.00000000363e-15,1.00000000363e-15
1280,5.00000001814e-16,5.00000001814e-16,5.00000001814e-16,0.5,5.00000001814e-16,5.00000001814e-16,5.00000001814e-16,0.5,5.00000001814e-16,5.00000001814e-16
1285,1.00000000363e-15,1.00000000363e-15,1.00000000363e-15,1.0,1.00000000363e-15,1.00000000363e-15,1.00000000363e-15,1.00000000363e-15,1.00000000363e-15,1.00000000363e-15
1288,0.333333343267,3.33333325719e-16,3.33333325719e-16,0.333333343267,3.33333325719e-16,3.33333325719e-16,0.333333343267,3.33333325719e-16,3.33333325719e-16,3.33333325719e-16
1290,5.00000001814e-16,5.00000001814e-16,5.00000001814e-16,0.5,5.00000001814e-16,0.5,5.00000001814e-16,5.00000001814e-16,5.00000001814e-16,5.00000001814e-16
1293,5.00000001814e-16,5.00000001814e-16,5.00000001814e-16,0.5,5.00000001814e-16,5.00000001814e-16,0.5,5.00000001814e-16,5.00000001814e-16,5.00000001814e-16
1295,0.5,5.00000001814e-16,5.00000001814e-16,0.5,5.00000001814e-16,5.00000001814e-16,5.00000001814e-16,5.00000001814e-16,5.00000001814e-16,5.00000001814e-16
1297,0.20000000298,2.00000003372e-16,2.00000003372e-16,0.20000000298,2.00000003372e-16,0.20000000298,0.20000000298,2.00000003372e-16,2.00000003372e-16,0.20000000298
1298,5.00000001814e-16,5.00000001814e-16,5.00000001814e-16,0.5,5.00000001814e-16,0.5,5.00000001814e-16,5.00000001814e-16,5.00000001814e-16,5.00000001814e-16
1303,0.333333343267,3.33333325719e-16,3.33333325719e-16,0.333333343267,3.33333325719e-16,0.333333343267,3.33333325719e-16,3.33333325719e-16,3.33333325719e-16,3.33333325719e-16
1304,1.00000000363e-15,1.00000000363e-15,1.00000000363e-15,1.0,1.00000000363e-15,1.00000000363e-15,1.00000000363e-15,1.00000000363e-15,1.00000000363e-15,1.00000000363e-15
1306,0.333333343267,3.33333325719e-16,3.33333325719e-16,0.333333343267,3.33333325719e-16,0.333333343267,3.33333325719e-16,3.33333325719e-16,3.33333325719e-16,3.33333325719e-16
1307,0.5,5.00000001814e-16,5.00000001814e-16,0.5,5.00000001814e-16,5.00000001814e-16,5.00000001814e-16,5.00000001814e-16,5.00000001814e-16,5.00000001814e-16
1313,1.00000000363e-15,1.00000000363e-15,1.00000000363e-15,1.0,1.00000000363e-15,1.00000000363e-15,1.00000000363e-15,1.00000000363e-15,1.00000000363e-15,1.00000000363e-15
1314,5.00000001814e-16,5.00000001814e-16,5.00000001814e-16,0.5,5.00000001814e-16,0.5,5.00000001814e-16,5.00000001814e-16,5.00000001814e-16,5.00000001814e-16
1315,0.25,2.50000000907e-16,2.50000000907e-16,0.25,2.50000000907e-16,0.25,0.25,2.50000000907e-16,2.50000000907e-16,2.50000000907e-16
1316,5.00000001814e-16,5.00000001814e-16,5.00000001814e-16,0.5,5.00000001814e-16,0.5,5.00000001814e-16,5.00000001814e-16,5.00000001814e-16,5.00000001814e-16
1318,5.00000001814e-16,5.00000001814e-16,5.00000001814e-16,5.00000001814e-16,5.00000001814e-16,5.00000001814e-16,5.00000001814e-16,0.5,5.00000001814e-16,0.5
1321,5.00000001814e-16,5.00000001814e-16,5.00000001814e-16,0.5,5.00000001814e-16,5.00000001814e-16,5.00000001814e-16,5.00000001814e-16,0.5,5.00000001814e-16
1331,0.5,5.00000001814e-16,5.00000001814e-16,0.5,5.00000001814e-16,5.00000001814e-16,5.00000001814e-16,5.00000001814e-16,5.00000001814e-16,5.00000001814e-16
1332,0.333333343267,3.33333325719e-16,3.33333325719e-16,0.333333343267,3.33333325719e-16,3.33333325719e-16,0.333333343267,3.33333325719e-16,3.33333325719e-16,3.33333325719e-16
1333,3.33333325719e-16,3.33333325719e-16,3.33333325719e-16,0.333333343267,3.33333325719e-16,0.333333343267,0.333333343267,3.33333325719e-16,3.33333325719e-16,3.33333325719e-16
1334,0.333333343267,3.33333325719e-16,3.33333325719e-16,0.333333343267,3.33333325719e-16,0.333333343267,3.33333325719e-16,3.33333325719e-16,3.33333325719e-16,3.33333325719e-16
1336,1.00000000363e-15,1.00000000363e-15,1.00000000363e-15,1.0,1.00000000363e-15,1.00000000363e-15,1.00000000363e-15,1.00000000363e-15,1.00000000363e-15,1.00000000363e-15
1338,0.5,5.00000001814e-16,5.00000001814e-16,0.5,5.00000001814e-16,5.00000001814e-16,5.00000001814e-16,5.00000001814e-16,5.00000001814e-16,5.00000001814e-16
1343,5.00000001814e-16,5.00000001814e-16,5.00000001814e-16,0.5,5.00000001814e-16,5.00000001814e-16,5.00000001814e-16,5.00000001814e-16,0.5,5.00000001814e-16
1351,0.25,2.50000000907e-16,2.50000000907e-16,0.25,2.50000000907e-16,0.25,0.25,2.50000000907e-16,2.50000000907e-16,2.50000000907e-16
1354,1.00000000363e-15,1.00000000363e-15,1.00000000363e-15,1.0,1.00000000363e-15,1.00000000363e-15,1.00000000363e-15,1.00000000363e-15,1.00000000363e-15,1.00000000363e-15
1357,5.00000001814e-16,5.00000001814e-16,5.00000001814e-16,0.5,5.00000001814e-16,5.00000001814e-16,0.5,5.00000001814e-16,5.00000001814e-16,5.00000001814e-16
1361,3.33333325719e-16,3.33333325719e-16,3.33333325719e-16,0.333333343267,3.33333325719e-16,0.333333343267,0.333333343267,3.33333325719e-16,3.33333325719e-16,3.33333325719e-16
1362,1.00000000363e-15,1.00000000363e-15,1.00000000363e-15,1.0,1.00000000363e-15,1.00000000363e-15,1.00000000363e-15,1.00000000363e-15,1.00000000363e-15,1.00000000363e-15
1363,0.333333343267,3.33333325719e-16,3.33333325719e-16,0.333333343267,3.33333325719e-16,0.333333343267,3.33333325719e-16,3.33333325719e-16,3.33333325719e-16,3.33333325719e-16
1364,5.00000001814e-16,5.00000001814e-16,5.00000001814e-16,0.5,5.00000001814e-16,5.00000001814e-16,0.5,5.00000001814e-16,5.00000001814e-16,5.00000001814e-16
1368,1.00000000363e-15,1.00000000363e-15,1.00000000363e-15,1.0,1.00000000363e-15,1.00000000363e-15,1.00000000363e-15,1.00000000363e-15,1.00000000363e-15,1.00000000363e-15
1369,5.00000001814e-16,5.00000001814e-16,5.00000001814e-16,0.5,5.00000001814e-16,0.5,5.00000001814e-16,5.00000001814e-16,5.00000001814e-16,5.00000001814e-16
1371,3.33333325719e-16,3.33333325719e-16,3.33333325719e-16,0.333333343267,3.33333325719e-16,0.333333343267,0.333333343267,3.33333325719e-16,3.33333325719e-16,3.33333325719e-16
1376,1.00000000363e-15,1.00000000363e-15,1.00000000363e-15,1.0,1.00000000363e-15,1.00000000363e-15,1.00000000363e-15,1.00000000363e-15,1.00000000363e-15,1.00000000363e-15
1382,0.5,5.00000001814e-16,5.00000001814e-16,0.5,5.00000001814e-16,5.00000001814e-16,5.00000001814e-16,5.00000001814e-16,5.00000001814e-16,5.00000001814e-16
1383,3.33333325719e-16,3.33333325719e-16,3.33333325719e-16,0.333333343267,3.33333325719e-16,0.333333343267,3.33333325719e-16,3.33333325719e-16,0.333333343267,3.33333325719e-16
1385,5.00000001814e-16,5.00000001814e-16,5.00000001814e-16,0.5,5.00000001814e-16,0.5,5.00000001814e-16,5.00000001814e-16,5.00000001814e-16,5.00000001814e-16
1387,0.333333343267,3.33333325719e-16,3.33333325719e-16,0.333333343267,3.33333325719e-16,0.333333343267,3.33333325719e-16,3.33333325719e-16,3.33333325719e-16,3.33333325719e-16
1389,5.00000001814e-16,5.00000001814e-16,5.00000001814e-16,0.5,5.00000001814e-16,5.00000001814e-16,0.5,5.00000001814e-16,5.00000001814e-16,5.00000001814e-16
1397,0.333333343267,3.33333325719e-16,3.33333325719e-16,0.333333343267,3.33333325719e-16,3.33333325719e-16,3.33333325719e-16,3.33333325719e-16,0.333333343267,3.33333325719e-16
1400,0.333333343267,3.33333325719e-16,3.33333325719e-16,0.333333343267,3.33333325719e-16,3.33333325719e-16,0.333333343267,3.33333325719e-16,3.33333325719e-16,3.33333325719e-16
1401,1.00000000363e-15,1.00000000363e-15,1.00000000363e-15,1.0,1.00000000363e-15,1.00000000363e-15,1.00000000363e-15,1.00000000363e-15,1.00000000363e-15,1.00000000363e-15
1404,5.00000001814e-16,5.00000001814e-16,5.00000001814e-16,0.5,5.00000001814e-16,5.00000001814e-16,0.5,5.00000001814e-16,5.00000001814e-16,5.00000001814e-16
1406,1.00000000363e-15,1.00000000363e-15,1.00000000363e-15,1.0,1.00000000363e-15,1.00000000363e-15,1.00000000363e-15,1.00000000363e-15,1.00000000363e-15,1.00000000363e-15
1407,5.00000001814e-16,5.00000001814e-16,5.00000001814e-16,0.5,5.00000001814e-16,0.5,5.00000001814e-16,5.00000001814e-16,5.00000001814e-16,5.00000001814e-16
1409,5.00000001814e-16,5.00000001814e-16,5.00000001814e-16,0.5,5.00000001814e-16,0.5,5.00000001814e-16,5.00000001814e-16,5.00000001814e-16,5.00000001814e-16
1412,1.00000000363e-15,1.00000000363e-15,1.00000000363e-15,1.0,1.00000000363e-15,1.00000000363e-15,1.00000000363e-15,1.00000000363e-15,1.00000000363e-15,1.00000000363e-15
1415,5.00000001814e-16,5.00000001814e-16,5.00000001814e-16,0.5,5.00000001814e-16,5.00000001814e-16,0.5,5.00000001814e-16,5.00000001814e-16,5.00000001814e-16
1416,5.00000001814e-16,5.00000001814e-16,5.00000001814e-16,0.5,5.00000001814e-16,0.5,5.00000001814e-16,5.00000001814e-16,5.00000001814e-16,5.00000001814e-16
1418,5.00000001814e-16,5.00000001814e-16,5.00000001814e-16,0.5,5.00000001814e-16,0.5,5.00000001814e-16,5.00000001814e-16,5.00000001814e-16,5.00000001814e-16
1421,5.00000001814e-16,5.00000001814e-16,5.00000001814e-16,0.5,5.00000001814e-16,5.00000001814e-16,0.5,5.00000001814e-16,5.00000001814e-16,5.00000001814e-16
1422,1.00000000363e-15,1.00000000363e-15,1.00000000363e-15,1.0,1.00000000363e-15,1.00000000363e-15,1.00000000363e-15,1.00000000363e-15,1.00000000363e-15,1.00000000363e-15
1426,5.00000001814e-16,5.00000001814e-16,5.00000001814e-16,0.5,5.00000001814e-16,0.5,5.00000001814e-16,5.00000001814e-16,5.00000001814e-16,5.00000001814e-16
1427,3.33333325719e-16,3.33333325719e-16,3.33333325719e-16,0.333333343267,3.33333325719e-16,0.333333343267,0.333333343267,3.33333325719e-16,3.33333325719e-16,3.33333325719e-16
1428,0.333333343267,3.33333325719e-16,3.33333325719e-16,0.333333343267,3.33333325719e-16,3.33333325719e-16,0.333333343267,3.33333325719e-16,3.33333325719e-16,3.33333325719e-16
1429,0.5,5.00000001814e-16,5.00000001814e-16,0.5,5.00000001814e-16,5.00000001814e-16,5.00000001814e-16,5.00000001814e-16,5.00000001814e-16,5.00000001814e-16
1430,5.00000001814e-16,5.00000001814e-16,5.00000001814e-16,0.5,5.00000001814e-16,5.00000001814e-16,0.5,5.00000001814e-16,5.00000001814e-16,5.00000001814e-16
1433,0.5,5.00000001814e-16,5.00000001814e-16,0.5,5.00000001814e-16,5.00000001814e-16,5.00000001814e-16,5.00000001814e-16,5.00000001814e-16,5.00000001814e-16
1434,0.25,2.50000000907e-16,2.50000000907e-16,0.25,2.50000000907e-16,0.25,0.25,2.50000000907e-16,2.50000000907e-16,2.50000000907e-16
1437,5.00000001814e-16,5.00000001814e-16,5.00000001814e-16,0.5,5.00000001814e-16,0.5,5.00000001814e-16,5.00000001814e-16,5.00000001814e-16,5.00000001814e-16
1439,1.00000000363e-15,1.00000000363e-15,1.00000000363e-15,1.0,1.00000000363e-15,1.00000000363e-15,1.00000000363e-15,1.00000000363e-15,1.00000000363e-15,1.00000000363e-15
1445,1.00000000363e-15,1.00000000363e-15,1.00000000363e-15,1.0,1.00000000363e-15,1.00000000363e-15,1.00000000363e-15,1.00000000363e-15,1.00000000363e-15,1.00000000363e-15
1447,1.00000000363e-15,1.00000000363e-15,1.00000000363e-15,1.0,1.00000000363e-15,1.00000000363e-15,1.00000000363e-15,1.00000000363e-15,1.00000000363e-15,1.00000000363e-15
1451,0.5,5.00000001814e-16,5.00000001814e-16,0.5,5.00000001814e-16,5.00000001814e-16,5.00000001814e-16,5.00000001814e-16,5.00000001814e-16,5.00000001814e-16
1453,1.00000000363e-15,1.00000000363e-15,1.00000000363e-15,1.0,1.00000000363e-15,1.00000000363e-15,1.00000000363e-15,1.00000000363e-15,1.00000000363e-15,1.00000000363e-15
1455,1.00000000363e-15,1.00000000363e-15,1.00000000363e-15,1.0,1.00000000363e-15,1.00000000363e-15,1.00000000363e-15,1.00000000363e-15,1.00000000363e-15,1.00000000363e-15
1456,0.25,2.50000000907e-16,2.50000000907e-16,0.25,2.50000000907e-16,0.25,0.25,2.50000000907e-16,2.50000000907e-16,2.50000000907e-16
1458,3.33333325719e-16,3.33333325719e-16,3.33333325719e-16,0.333333343267,3.33333325719e-16,0.333333343267,0.333333343267,3.33333325719e-16,3.33333325719e-16,3.33333325719e-16
1462,3.33333325719e-16,3.33333325719e-16,3.33333325719e-16,0.333333343267,3.33333325719e-16,0.333333343267,0.333333343267,3.33333325719e-16,3.33333325719e-16,3.33333325719e-16
1464,0.333333343267,3.33333325719e-16,3.33333325719e-16,0.333333343267,3.33333325719e-16,0.333333343267,3.33333325719e-16,3.33333325719e-16,3.33333325719e-16,3.33333325719e-16
1465,1.00000000363e-15,1.00000000363e-15,1.00000000363e-15,1.0,1.00000000363e-15,1.00000000363e-15,1.00000000363e-15,1.00000000363e-15,1.00000000363e-15,1.00000000363e-15
1466,3.33333325719e-16,3.33333325719e-16,3.33333325719e-16,0.333333343267,3.33333325719e-16,0.333333343267,0.333333343267,3.33333325719e-16,3.33333325719e-16,3.33333325719e-16
1470,5.00000001814e-16,5.00000001814e-16,5.00000001814e-16,0.5,5.00000001814e-16,5.00000001814e-16,0.5,5.00000001814e-16,5.00000001814e-16,5.00000001814e-16
1478,1.00000000363e-15,1.00000000363e-15,1.00000000363e-15,1.0,1.00000000363e-15,1.00000000363e-15,1.00000000363e-15,1.00000000363e-15,1.00000000363e-15,1.00000000363e-15
1481,5.00000001814e-16,5.00000001814e-16,5.00000001814e-16,0.5,5.00000001814e-16,5.00000001814e-16,0.5,5.00000001814e-16,5.00000001814e-16,5.00000001814e-16
1484,1.00000000363e-15,1.00000000363e-15,1.00000000363e-15,1.0,1.00000000363e-15,1.00000000363e-15,1.00000000363e-15,1.00000000363e-15,1.00000000363e-15,1.00000000363e-15
1485,0.333333343267,3.33333325719e-16,3.33333325719e-16,0.333333343267,3.33333325719e-16,0.333333343267,3.33333325719e-16,3.33333325719e-16,3.33333325719e-16,3.33333325719e-16
1486,5.00000001814e-16,5.00000001814e-16,5.00000001814e-16,0.5,5.00000001814e-16,0.5,5.00000001814e-16,5.00000001814e-16,5.00000001814e-16,5.00000001814e-16
1487,0.25,2.50000000907e-16,2.50000000907e-16,0.25,2.50000000907e-16,0.25,0.25,2.50000000907e-16,2.50000000907e-16,2.50000000907e-16
1489,1.00000000363e-15,1.00000000363e-15,1.00000000363e-15,1.0,1.00000000363e-15,1.00000000363e-15,1.00000000363e-15,1.00000000363e-15,1.00000000363e-15,1.00000000363e-15
1490,0.333333343267,3.33333325719e-16,3.33333325719e-16,0.333333343267,3.33333325719e-16,0.333333343267,3.33333325719e-16,3.33333325719e-16,3.33333325719e-16,3.33333325719e-16
1493,3.33333325719e-16,3.33333325719e-16,3.33333325719e-16,0.333333343267,3.33333325719e-16,0.333333343267,3.33333325719e-16,3.33333325719e-16,0.333333343267,3.33333325719e-16
1495,1.00000000363e-15,1.00000000363e-15,1.00000000363e-15,1.0,1.00000000363e-15,1.00000000363e-15,1.00000000363e-15,1.00000000363e-15,1.00000000363e-15,1.00000000363e-15
1497,5.00000001814e-16,5.00000001814e-16,5.00000001814e-16,0.5,5.00000001814e-16,5.00000001814e-16,5.00000001814e-16,5.00000001814e-16,5.00000001814e-16,0.5
1498,5.00000001814e-16,5.00000001814e-16,5.00000001814e-16,0.5,5.00000001814e-16,0.5,5.00000001814e-16,5.00000001814e-16,5.00000001814e-16,5.00000001814e-16
1503,1.00000000363e-15,1.00000000363e-15,1.00000000363e-15,1.0,1.00000000363e-15,1.00000000363e-15,1.00000000363e-15,1.00000000363e-15,1.00000000363e-15,1.00000000363e-15
1510,0.333333343267,3.33333325719e-16,3.33333325719e-16,0.333333343267,3.33333325719e-16,3.33333325719e-16,0.333333343267,3.33333325719e-16,3.33333325719e-16,3.33333325719e-16
1513,5.00000001814e-16,5.00000001814e-16,5.00000001814e-16,0.5,5.00000001814e-16,5.00000001814e-16,0.5,5.00000001814e-16,5.00000001814e-16,5.00000001814e-16
1517,5.00000001814e-16,5.00000001814e-16,5.00000001814e-16,0.5,5.00000001814e-16,0.5,5.00000001814e-16,5.00000001814e-16,5.00000001814e-16,5.00000001814e-16
1522,3.33333325719e-16,3.33333325719e-16,3.33333325719e-16,0.333333343267,3.33333325719e-16,0.333333343267,0.333333343267,3.33333325719e-16,3.33333325719e-16,3.33333325719e-16
1526,5.00000001814e-16,5.00000001814e-16,5.00000001814e-16,0.5,5.00000001814e-16,5.00000001814e-16,5.00000001814e-16,5.00000001814e-16,0.5,5.00000001814e-16
1528,1.00000000363e-15,1.00000000363e-15,1.00000000363e-15,1.0,1.00000000363e-15,1.00000000363e-15,1.00000000363e-15,1.00000000363e-15,1.00000000363e-15,1.00000000363e-15
1533,5.00000001814e-16,5.00000001814e-16,5.00000001814e-16,0.5,5.00000001814e-16,0.5,5.00000001814e-16,5.00000001814e-16,5.00000001814e-16,5.00000001814e-16
1534,0.333333343267,3.33333325719e-16,3.33333325719e-16,0.333333343267,3.33333325719e-16,3.33333325719e-16,0.333333343267,3.33333325719e-16,3.33333325719e-16,3.33333325719e-16
1535,1.00000000363e-15,1.00000000363e-15,1.00000000363e-15,1.0,1.00000000363e-15,1.00000000363e-15,1.00000000363e-15,1.00000000363e-15,1.00000000363e-15,1.00000000363e-15
1537,2.50000000907e-16,2.50000000907e-16,2.50000000907e-16,0.25,2.50000000907e-16,0.25,0.25,0.25,2.50000000907e-16,2.50000000907e-16
1540,3.33333325719e-16,3.33333325719e-16,3.33333325719e-16,0.333333343267,3.33333325719e-16,0.333333343267,0.333333343267,3.33333325719e-16,3.33333325719e-16,3.33333325719e-16
1542,0.5,5.00000001814e-16,5.00000001814e-16,0.5,5.00000001814e-16,5.00000001814e-16,5.00000001814e-16,5.00000001814e-16,5.00000001814e-16,5.00000001814e-16
1546,1.00000000363e-15,1.00000000363e-15,1.00000000363e-15,1.0,1.00000000363e-15,1.00000000363e-15,1.00000000363e-15,1.00000000363e-15,1.00000000363e-15,1.00000000363e-15
1553,0.5,5.00000001814e-16,5.00000001814e-16,0.5,5.00000001814e-16,5.00000001814e-16,5.00000001814e-16,5.00000001814e-16,5.00000001814e-16,5.00000001814e-16
1558,3.33333325719e-16,3.33333325719e-16,3.33333325719e-16,0.333333343267,3.33333325719e-16,3.33333325719e-16,0.333333343267,3.33333325719e-16,0.333333343267,3.33333325719e-16
1560,5.00000001814e-16,5.00000001814e-16,5.00000001814e-16,0.5,5.00000001814e-16,5.00000001814e-16,0.5,5.00000001814e-16,5.00000001814e-16,5.00000001814e-16
1564,5.00000001814e-16,5.00000001814e-16,5.00000001814e-16,0.5,5.00000001814e-16,0.5,5.00000001814e-16,5.00000001814e-16,5.00000001814e-16,5.00000001814e-16
1565,0.5,5.00000001814e-16,5.00000001814e-16,0.5,5.00000001814e-16,5.00000001814e-16,5.00000001814e-16,5.00000001814e-16,5.00000001814e-16,5.00000001814e-16
1567,0.25,2.50000000907e-16,2.50000000907e-16,0.25,2.50000000907e-16,0.25,2.50000000907e-16,2.50000000907e-16,2.50000000907e-16,0.25
1573,0.25,2.50000000907e-16,2.50000000907e-16,0.25,2.50000000907e-16,0.25,0.25,2.50000000907e-16,2.50000000907e-16,2.50000000907e-16
1576,0.5,5.00000001814e-16,5.00000001814e-16,0.5,5.00000001814e-16,5.00000001814e-16,5.00000001814e-16,5.00000001814e-16,5.00000001814e-16,5.00000001814e-16
1577,1.00000000363e-15,1.00000000363e-15,1.00000000363e-15,1.0,1.00000000363e-15,1.00000000363e-15,1.00000000363e-15,1.00000000363e-15,1.00000000363e-15,1.00000000363e-15
1579,1.00000000363e-15,1.00000000363e-15,1.00000000363e-15,1.0,1.00000000363e-15,1.00000000363e-15,1.00000000363e-15,1.00000000363e-15,1.00000000363e-15,1.00000000363e-15
1580,5.00000001814e-16,5.00000001814e-16,5.00000001814e-16,0.5,5.00000001814e-16,5.00000001814e-16,0.5,5.00000001814e-16,5.00000001814e-16,5.00000001814e-16
1583,0.333333343267,3.33333325719e-16,3.33333325719e-16,0.333333343267,3.33333325719e-16,3.33333325719e-16,3.33333325719e-16,3.33333325719e-16,0.333333343267,3.33333325719e-16
